Name;Sex
Аалия;Ж
Аанжелла;Ж
Аба;Ж
Абав;Ж
Абам;Ж
Абаханум;Ж
Абаш;Ж
Аббаза;Ж
Абгюль;Ж
Абдужалия;Ж
Абдулния;Ж
Абдулпетта;Ж
Абдулька;Ж
Абдупатта;Ж
Абдурасуль;Ж
Абдурефи;Ж
Абдурома;Ж
Абдюль;Ж
Абелина;Ж
Абель;Ж
Абибат;Ж
Абигейль;Ж
Абигель;Ж
Абика;Ж
Абилфетта;Ж
Аблялиль;Ж
Абрагина;Ж
Абрамия;Ж
Абраша;Ж
Абрииа;Ж
Абуватфа;Ж
Абузарь;Ж
Абульфаза;Ж
Абуся;Ж
Абута;Ж
Абутаима;Ж
Авагея;Ж
Аванда;Ж
Аванна;Ж
Авашарфа;Ж
Авашерфа;Ж
Аващарфа;Ж
Авгалифена;Ж
Авгела;Ж
Авгения;Ж
Авгиння;Ж
Авгусита;Ж
Августа;Ж
Августина;Ж
Августиния;Ж
Авдия;Ж
Авдокия;Ж
Авдоля;Ж
Авдотия;Ж
Авдотья;Ж
Авдоха;Ж
Авелина;Ж
Авелия;Ж
Авеля;Ж
Авенгилина;Ж
Авенила;Ж
Авения;Ж
Авентина;Ж
Авера;Ж
Авереса;Ж
Аверида;Ж
Аверия;Ж
Авета;Ж
Аветлана;Ж
Аветра;Ж
Авза;Ж
Авзаль;Ж
Авиа;Ж
Авиада;Ж
Авиана;Ж
Авиата;Ж
Авиатта;Ж
Авигея;Ж
Авиета;Ж
Авизия;Ж
Авила;Ж
Авилина;Ж
Авина;Ж
Авиона;Ж
Авиреза;Ж
Авиталь;Ж
Авиша;Ж
Авиэта;Ж
Авия;Ж
Авксения;Ж
Авксентия;Ж
Авлат;Ж
Авлевтина;Ж
Авлентина;Ж
Авлина;Ж
Авлора;Ж
Авмрозия;Ж
Авнда;Ж
Авнендра;Ж
Авнизия;Ж
Аворика;Ж
Авралия;Ж
Аврамия;Ж
Аврела;Ж
Аврелия;Ж
Аврелка;Ж
Аврелька;Ж
Авреля;Ж
Авремия;Ж
Аврийка;Ж
Аврика;Ж
Аврилия;Ж
Аврилияна;Ж
Авриль;Ж
Авриля;Ж
Авриния;Ж
Авроза;Ж
Аврония;Ж
Авроня;Ж
Аврора;Ж
Авросия;Ж
Аврура;Ж
Аврустина;Ж
Авруся;Ж
Авруца;Ж
Аврыда;Ж
Автандия;Ж
Автелина;Ж
Автолина;Ж
Автомаска;Ж
Автондия;Ж
Автонина;Ж
Авула;Ж
Агаатэ;Ж
Агавала;Ж
Агавара;Ж
Агавия;Ж
Агавня;Ж
Агагюль;Ж
Агада;Ж
Агаджума;Ж
Агадия;Ж
Агадпея;Ж
Агалина;Ж
Агалирза;Ж
Агамерза;Ж
Агамирза;Ж
Аганда;Ж
Аганета;Ж
Аганиса;Ж
Агания;Ж
Аганя;Ж
Агаория;Ж
Агапея;Ж
Агапи;Ж
Агапия;Ж
Агапка;Ж
Агапья;Ж
Агариза;Ж
Агария;Ж
Агарпена;Ж
Агарпина;Ж
Агарпына;Ж
Агарпья;Ж
Агарья;Ж
Агасия;Ж
Агастрия;Ж
Агася;Ж
Агат;Ж
Агата;Ж
Агатина;Ж
Агатия;Ж
Агатья;Ж
Агатя;Ж
Агафа;Ж
Агафена;Ж
Агафения;Ж
Агафея;Ж
Агафиа;Ж
Агафинья;Ж
Агафия;Ж
Агафония;Ж
Агафоня;Ж
Агафрина;Ж
Агафья;Ж
Агафя;Ж
Агаша;Ж
Агаэса;Ж
Агба;Ж
Аггея;Ж
Агголина;Ж
Аггюль;Ж
Агдия;Ж
Агейла;Ж
Агентина;Ж
Агерпина;Ж
Агжана;Ж
Агжанать;Ж
Агида;Ж
Агиета;Ж
Агилна;Ж
Агиль;Ж
Агиля;Ж
Агина;Ж
Агинтья;Ж
Агиста;Ж
Агита;Ж
Агитина;Ж
Агица;Ж
Агия;Ж
Аглаида;Ж
Агланя;Ж
Аглария;Ж
Аглафира;Ж
Аглая;Ж
Аглера;Ж
Аглефия;Ж
Аглея;Ж
Агликерия;Ж
Аглина;Ж
Аглиулла;Ж
Аглия;Ж
Аглукерия;Ж
Агля;Ж
Агмесса;Ж
Агнастасия;Ж
Агне;Ж
Агневна;Ж
Агнежка;Ж
Агнезия;Ж
Агнейта;Ж
Агнела;Ж
Агнелия;Ж
Агнес;Ж
Агнеса;Ж
Агнесия;Ж
Агнеска;Ж
Агнесс;Ж
Агнесса;Ж
Агнессия;Ж
Агнеста;Ж
Агнет;Ж
Агнета;Ж
Агнетта;Ж
Агнеш;Ж
Агнеша;Ж
Агнешка;Ж
Агнея;Ж
Агнийка;Ж
Агнилина;Ж
Агнисия;Ж
Агнита;Ж
Агнишка;Ж
Агния;Ж
Агният;Ж
Агнория;Ж
Агнышка;Ж
Аголина;Ж
Аголлинария;Ж
Агомогла;Ж
Агонета;Ж
Агонина;Ж
Агорпина;Ж
Агорпиния;Ж
Агота;Ж
Аготта;Ж
Агофия;Ж
Агофья;Ж
Аградина;Ж
Аграпина;Ж
Аграппина;Ж
Агратина;Ж
Аграфена;Ж
Аграфения;Ж
Аграфина;Ж
Аграфиния;Ж
Аграфинья;Ж
Аграфия;Ж
Аграфья;Ж
Агрегина;Ж
Агренина;Ж
Агрепена;Ж
Агрепина;Ж
Агрепиния;Ж
Агреппина;Ж
Агрерина;Ж
Агретина;Ж
Агрефена;Ж
Агрефина;Ж
Агрефинья;Ж
Агрикерия;Ж
Агриколь;Ж
Агрилина;Ж
Агринина;Ж
Агринтина;Ж
Агрипена;Ж
Агрипигина;Ж
Агрипина;Ж
Агрипиния;Ж
Агрипинна;Ж
Агриппина;Ж
Агриса;Ж
Агрифена;Ж
Агрифина;Ж
Агролина;Ж
Агропина;Ж
Агропиния;Ж
Агроппина;Ж
Агрофена;Ж
Агрофения;Ж
Агрофина;Ж
Агрофиния;Ж
Агрулина;Ж
Агруния;Ж
Агтета;Ж
Агунда;Ж
Агуя;Ж
Агустина;Ж
Агфия;Ж
Агха;Ж
Агэля;Ж
Агэта;Ж
Ада;Ж
Адаа;Ж
Адавие;Ж
Адавият;Ж
Адавье;Ж
Адаида;Ж
Адаиль;Ж
Адай;Ж
Адалаида;Ж
Адалиада;Ж
Адалина;Ж
Адалия;Ж
Адаль;Ж
Адальберта;Ж
Адальмина;Ж
Адальфина;Ж
Адаля;Ж
Адалят;Ж
Адама;Ж
Адамина;Ж
Адана;Ж
Адане;Ж
Адария;Ж
Адарья;Ж
Адасия;Ж
Адась;Ж
Адаська;Ж
Адася;Ж
Адафия;Ж
Адая;Ж
Адвентина;Ж
Адверка;Ж
Адвина;Ж
Адда;Ж
Адделина;Ж
Адеалаида;Ж
Адеалида;Ж
Адеалина;Ж
Адебенга;Ж
Адегбанга;Ж
Адеелия;Ж
Адеида;Ж
Адеина;Ж
Адей;Ж
Адейла;Ж
Адейля;Ж
Адека;Ж
Адела;Ж
Аделада;Ж
Аделае;Ж
Аделаида;Ж
Аделаижа;Ж
Аделаина;Ж
Аделайда;Ж
Аделанда;Ж
Аделаыда;Ж
Аделеида;Ж
Аделея;Ж
Адели;Ж
Аделиада;Ж
Аделида;Ж
Аделина;Ж
Аделиня;Ж
Аделия;Ж
Аделка;Ж
Аделла;Ж
Аделлаида;Ж
Аделли;Ж
Аделлинда;Ж
Аделоида;Ж
Адель;Ж
Адельвина;Ж
Адельгайда;Ж
Адельгейда;Ж
Адельда;Ж
Адельина;Ж
Аделька;Ж
Адельмина;Ж
Адельфина;Ж
Адельфия;Ж
Адельша;Ж
Адельши;Ж
Аделья;Ж
Аделя;Ж
Аделяна;Ж
Адемина;Ж
Адемия;Ж
Адена;Ж
Аденаида;Ж
Аденда;Ж
Аденола;Ж
Адепя;Ж
Адерике;Ж
Адеринсола;Ж
Адериту;Ж
Адерми;Ж
Адерша;Ж
Адесина;Ж
Адеслава;Ж
Адетта;Ж
Адефтина;Ж
Адешина;Ж
Адея;Ж
Аджана;Ж
Аджелина;Ж
Аджика;Ж
Аджир;Ж
Аджира;Ж
Адзип;Ж
Адиала;Ж
Адиаланда;Ж
Адиалида;Ж
Адиамида;Ж
Адиба;Ж
Адибя;Ж
Адика;Ж
Адила;Ж
Адилага;Ж
Адилаида;Ж
Адиларида;Ж
Адилина;Ж
Адилия;Ж
Адилуца;Ж
Адиль;Ж
Адилья;Ж
Адилэ;Ж
Адиля;Ж
Адина;Ж
Адинаиза;Ж
Адинай;Ж
Адине;Ж
Адинела;Ж
Адиня;Ж
Адиса;Ж
Адислава;Ж
Адисса;Ж
Адитие;Ж
Адитья;Ж
Адитя;Ж
Адиха;Ж
Адия;Ж
Адиятулла;Ж
Адлена;Ж
Адлидия;Ж
Адлифа;Ж
Адлифе;Ж
Адлифя;Ж
Адлиша;Ж
Адмила;Ж
Адмия;Ж
Адна;Ж
Аднеся;Ж
Аднишка;Ж
Адоина;Ж
Адолаида;Ж
Адоланда;Ж
Адолина;Ж
Адолинна;Ж
Адолия;Ж
Адоль;Ж
Адольджина;Ж
Адолька;Ж
Адольфа;Ж
Адольфена;Ж
Адольфина;Ж
Адолья;Ж
Адоля;Ж
Адонисия;Ж
Адонисса;Ж
Адонна;Ж
Адоньфина;Ж
Адоня;Ж
Адоритта;Ж
Адотя;Ж
Адрафия;Ж
Адрерия;Ж
Адриада;Ж
Адриана;Ж
Адрианна;Ж
Адрина;Ж
Адрине;Ж
Адринэ;Ж
Адриэнна;Ж
Адрияна;Ж
Адриянна;Ж
Адула;Ж
Адыка;Ж
Адылля;Ж
Адыль;Ж
Адыльгейда;Ж
Адыля;Ж
Адына;Ж
Адьдина;Ж
Адья;Ж
Адьяа;Ж
Адэла;Ж
Адэлина;Ж
Адэлия;Ж
Адэлла;Ж
Адэль;Ж
Адэльфина;Ж
Адэля;Ж
Адэнна;Ж
Адя;Ж
Аежела;Ж
Аежелика;Ж
Аезире;Ж
Аелита;Ж
Аель;Ж
Аеонила;Ж
Аеонтина;Ж
Аера;Ж
Аерие;Ж
Аесе;Ж
Аета;Ж
Ажа;Ж
Ажабат;Ж
Ажабика;Ж
Ажабике;Ж
Ажайбике;Ж
Ажай;Ж
Ажалия;Ж
Ажам;Ж
Ажамиля;Ж
Ажанна;Ж
Ажаркуль;Ж
Ажбета;Ж
Ажела;Ж
Ажелика;Ж
Ажелина;Ж
Ажим;Ж
Ажий;Ж
Ажина;Ж
Ажире;Ж
Ажиря;Ж
Ажулия;Ж
Аза;Ж
Азада;Ж
Азазель;Ж
Азаида;Ж
Азалея;Ж
Азалина;Ж
Азалия;Ж
Азанетта;Ж
Азантина;Ж
Азарета;Ж
Азарина;Ж
Азарита;Ж
Азария;Ж
Азаря;Ж
Азбина;Ж
Азвета;Ж
Азгануш;Ж
Азгара;Ж
Азейбертина;Ж
Азелия;Ж
Азелла;Ж
Азель;Ж
Азельма;Ж
Азета;Ж
Азетта;Ж
Азза;Ж
Азида;Ж
Азидра;Ж
Азие;Ж
Азиза;Ж
Азизат;Ж
Азизага;Ж
Азипат;Ж
Азизгюль;Ж
Азизе;Ж
Азизилла;Ж
Азизолла;Ж
Азизула;Ж
Азизюля;Ж
Азизя;Ж
Азика;Ж
Азилия;Ж
Азиля;Ж
Азима;Ж
Азимат;Ж
Азиме;Ж
Азина;Ж
Азинат;Ж
Азира;Ж
Азиса;Ж
Азита;Ж
Азифе;Ж
Азия;Ж
Азмела;Ж
Азмина;Ж
Азминат;Ж
Азода;Ж
Азолия;Ж
Азольда;Ж
Азора;Ж
Азорина;Ж
Азория;Ж
Азука;Ж
Азулла;Ж
Азя;Ж
Аиана;Ж
Аига;Ж
Аигуль;Ж
Аида;Ж
Аиеса;Ж
Аиза;Ж
Аила;Ж
Аилада;Ж
Аилина;Ж
Аилита;Ж
Аилия;Ж
Аиляра;Ж
Аина;Ж
Аине;Ж
Аиниша;Ж
Аинна;Ж
Аионида;Ж
Аира;Ж
Аироника;Ж
Аиса;Ж
Аисия;Ж
Аисма;Ж
Аися;Ж
Аита;Ж
Аите;Ж
Аитонина;Ж
Аифала;Ж
Аиша;Ж
Аише;Ж
Айбала;Ж
Айбаджи;Ж
Айбарша;Ж
Айбика;Ж
Айбике;Ж
мусульманское;Ж
Айболек;Ж
Айва;Ж
Айвагюль;Ж
Айваре;Ж
Айвика;Ж
Айвита;Ж
Айвия;Ж
Айга;Ж
Айганат;Ж
Айганым;Ж
Айгерим;Ж
Айгие;Ж
Айгузель;Ж
Айгуль;Ж
Айгуля;Ж
Айгюль;Ж
Айгюн;Ж
Айгюнь;Ж
Айда;Ж
Айдай;Ж
Айдана;Ж
Айдима;Ж
Айдина;Ж
Айдинша;Ж
Айдюль;Ж
Айеда;Ж
Айжан;Ж
Айжанна;Ж
Айза;Ж
Айзада;Ж
Айзана;Ж
Айзат;Ж
Айзанат;Ж
Айима;Ж
Айимеседо;Ж
Аййимик;Ж
Айка;Ж
Айко;Ж
Айкюнь;Ж
Айла;Ж
Айлара;Ж
туркменское;Ж
Айле;Ж
Айлиана;Ж
Айлин;Ж
Айлинь;Ж
Айлиса;Ж
Айлита;Ж
Айма;Ж
Аймара;Ж
Аймесей;Ж
Аймеси;Ж
Аймилев;Ж
Аймира;Ж
Айна;Ж
Айнабат;Ж
Айнагуль;Ж
Айнагюль;Ж
Айназ;Ж
Айнара;Ж
Айнаш;Ж
Айне;Ж
Айнель;Ж
Айниджана;Ж
Айниса;Ж
Айнисе;Ж
Айнора;Ж
Айнула;Ж
Айнулла;Ж
Айнур;Ж
Айнура;Ж
Айнурэ;Ж
Айпара;Ж
Айра;Ж
Айрин;Ж
Айрина;Ж
Айрита;Ж
Айрия;Ж
Айса;Ж
Айсана;Ж
Айсара;Ж
Айсат;Ж
Айседора;Ж
Айсель;Ж
Айсенем;Ж
Айсла;Ж
Айслу;Ж
Айсолтан;Ж
Айстра;Ж
Айсула;Ж
Айсулу;Ж
Айся;Ж
Айсяу;Ж
Айта;Ж
Айтбика;Ж
Айтень;Ж
Айтига;Ж
Айтулу;Ж
Айфара;Ж
Айханум;Ж
Айхуа;Ж
Айчкиль;Ж
Айша;Ж
Айшат;Ж
Айшварья;Ж
Айше;Ж
Айширин;Ж
Айымгуль;Ж
Айюба;Ж
Айя;Ж
Айяла;Ж
Айянь;Ж
Айяра;Ж
Академа;Ж
Акатерина;Ж
Акаша;Ж
Акбала;Ж
Акбаль;Ж
Акбегенч;Ж
Акбота;Ж
Аквелина;Ж
Аквила;Ж
Аквилина;Ж
Аквилия;Ж
Аквина;Ж
Акгозель;Ж
Акгыз;Ж
Акгуль;Ж
Акгюль;Ж
Акджа;Ж
Акджагюль;Ж
Акджемал;Ж
Акеаина;Ж
Акелина;Ж
Акелына;Ж
Акерке;Ж
Акжанна;Ж
Акзиба;Ж
Акико;Ж
Акилина;Ж
Акилия;Ж
Акиля;Ж
Акима;Ж
Акиме;Ж
Акимена;Ж
Акимина;Ж
Акина;Ж
Акинола;Ж
Акиодина;Ж
Акипина;Ж
Акифа;Ж
Акка;Ж
Акканэ;Ж
Аккелина;Ж
Аккилина;Ж
Аккулина;Ж
Аклилу;Ж
Аклима;Ж
Аклиме;Ж
Аклина;Ж
Аклиста;Ж
Аклымя;Ж
Акмаль;Ж
Акмарал;Ж
Акнабат;Ж
Акнаид;Ж
Аксана;Ж
Аксанита;Ж
Аксану;Ж
Аксау;Ж
Акселина;Ж
Акселия;Ж
Аксель;Ж
Аксена;Ж
Аксения;Ж
Аксенияе;Ж
Аксентия;Ж
Аксенья;Ж
Аксеня;Ж
Аксима;Ж
Аксина;Ж
Аксиния;Ж
Аксинья;Ж
Аксиня;Ж
Аксипия;Ж
Аксират;Ж
Аксона;Ж
Аксырга;Ж
Аксэнь;Ж
Аксюта;Ж
Акта;Ж
Актавина;Ж
Актавия;Ж
Актебрина;Ж
Актерина;Ж
Активиза;Ж
Активина;Ж
Актия;Ж
Актя;Ж
Акуза;Ж
Акулина;Ж
Акумна;Ж
Акупина;Ж
Акылай;Ж
Алавдина;Ж
Алада;Ж
Алаида;Ж
Алаиза;Ж
Алаина;Ж
Алайда;Ж
Алаксандра;Ж
Аламбина;Ж
Алампия;Ж
Алана;Ж
Аланна;Ж
Алантина;Ж
Аланфина;Ж
Алатина;Ж
Алафия;Ж
Алачка;Ж
Албала;Ж
Албания;Ж
Алббина;Ж
Албжета;Ж
Албида;Ж
Албиизия;Ж
Албина;Ж
Албфия;Ж
Албэна;Ж
Алван;Ж
Алвара;Ж
Алварда;Ж
Алвента;Ж
Алвида;Ж
Алвина;Ж
Алвира;Ж
Алгалия;Ж
Алгедрина;Ж
Алгиллина;Ж
Алгина;Ж
Алгиня;Ж
Алгова;Ж
Алгурь;Ж
Алдика;Ж
Алдина;Ж
Алдокия;Ж
Алдона;Ж
Алдра;Ж
Алдя;Ж
Алеага;Ж
Алеана;Ж
Алева;Ж
Алевгина;Ж
Алеврина;Ж
Алевтана;Ж
Алевтина;Ж
Алевтиния;Ж
Алегдина;Ж
Алегрия;Ж
Алегтина;Ж
Аледзь;Ж
Аледзя;Ж
Аледия;Ж
Алежбита;Ж
Алежна;Ж
Алеза;Ж
Алезия;Ж
Алеиза;Ж
Алеина;Ж
Алейза;Ж
Алейзия;Ж
Алекамида;Ж
Алекандра;Ж
Алекса;Ж
Алексаедра;Ж
Алексамара;Ж
Алексана;Ж
Александара;Ж
Александра;Ж
Александрина;Ж
Александрия;Ж
Алексанедра;Ж
Алексанлра;Ж
Алексанра;Ж
Алексе;Ж
Алексина;Ж
Алексию;Ж
Алексия;Ж
Алексиянна;Ж
Алексса;Ж
Алекстина;Ж
Алектина;Ж
Алектрина;Ж
Алела;Ж
Алелета;Ж
Алелина;Ж
Алелия;Ж
Алема;Ж
Алемила;Ж
Алемпиада;Ж
Алемпина;Ж
Алемпия;Ж
Алемша;Ж
Алена;Ж
Алендия;Ж
Аленета;Ж
Аленина;Ж
Аленка;Ж
Аленна;Ж
Аленпината;Ж
Алентевита;Ж
Алентина;Ж
Аленушка;Ж
Аленька;Ж
Алеона;Ж
Алеонора;Ж
Алеортина;Ж
Алерина;Ж
Алерия;Ж
Алертина;Ж
Алерула;Ж
Алеса;Ж
Алесандра;Ж
Алесия;Ж
Алескандра;Ж
Алестина;Ж
Алесья;Ж
Алеся;Ж
Алетина;Ж
Алетта;Ж
Алеу;Ж
Алефина;Ж
Алефира;Ж
Алефтина;Ж
Алехандра;Ж
Алехтина;Ж
Алеша;Ж
Алея;Ж
Алёна;Ж
Алжана;Ж
Алжанат;Ж
Алжберта;Ж
Алжбета;Ж
Алжбетта;Ж
Алжбина;Ж
Алжебета;Ж
Алжета;Ж
Алжибета;Ж
Алзабета;Ж
Алзбета;Ж
Алзема;Ж
Алиана;Ж
Алиарда;Ж
Алиата;Ж
Алибала;Ж
Алибина;Ж
Аливантина;Ж
Аливина;Ж
Аливинтина;Ж
Аливита;Ж
Аливия;Ж
Аливтина;Ж
Алиганна;Ж
Алида;Ж
Алидия;Ж
Алидна;Ж
Алидомина;Ж
Алидула;Ж
Алидэ;Ж
Алие;Ж
Алижабета;Ж
Ализа;Ж
Ализада;Ж
Ализаре;Ж
Ализе;Ж
Алиина;Ж
Алика;Ж
Аликанида;Ж
Аликара;Ж
Аликтина;Ж
Алима;Ж
Алиманада;Ж
Алимара;Ж
Алимбина;Ж
Алимджа;Ж
Алиме;Ж
Алимипиада;Ж
Алимирза;Ж
Алимирта;Ж
Алимишада;Ж
Алимка;Ж
Алимма;Ж
Алимпа;Ж
Алимпаша;Ж
Алимпиада;Ж
Алимпина;Ж
Алимша;Ж
Алина;Ж
Алингалина;Ж
Алинда;Ж
Алинджа;Ж
Алинетта;Ж
Алинина;Ж
Алиния;Ж
Алинна;Ж
Алинтина;Ж
Алинэ;Ж
Алиона;Ж
Алионера;Ж
Алионета;Ж
Алионора;Ж
Алипа;Ж
Алипат;Ж
Алипетра;Ж
Алипина;Ж
Алипия;Ж
Алиптина;Ж
Алира;Ж
Алиреза;Ж
Алирза;Ж
Алириза;Ж
Алиртина;Ж
Алиса;Ж
Алисада;Ж
Алисалаль;Ж
Алисат;Ж
Алисафа;Ж
Алисия;Ж
Алисолта;Ж
Алисса;Ж
Алиссанда;Ж
Алиста;Ж
Алистафина;Ж
Алистина;Ж
Алистрина;Ж
Алита;Ж
Алитина;Ж
Алития;Ж
Алитта;Ж
Алитулу;Ж
Алиула;Ж
Алиулла;Ж
Алифа;Ж
Алифага;Ж
Алифат;Ж
Алифе;Ж
Алифина;Ж
Алифия;Ж
Алифреда;Ж
Алифтень;Ж
Алифтина;Ж
Алифцина;Ж
Алифя;Ж
Алица;Ж
Алице;Ж
Алиция;Ж
Алиця;Ж
Аличика;Ж
Алиша;Ж
Алише;Ж
Алию;Ж
Алиюла;Ж
Алия;Ж
Алияга;Ж
Алияна;Ж
Алият;Ж
Алияханум;Ж
Алкефтина;Ж
Алкиния;Ж
Алкиноя;Ж
Алксандра;Ж
Алла;Ж
Аллабагыш;Ж
Аллабеба;Ж
Аллаберди;Ж
Аллаида;Ж
Аллаина;Ж
Аллакярь;Ж
Аллау;Ж
Аллевтина;Ж
Аллегроина;Ж
Алледия;Ж
Аллеина;Ж
Аллектина;Ж
Аллемира;Ж
Алленгина;Ж
Аллентина;Ж
Аллерса;Ж
Аллефтина;Ж
Аллея;Ж
Аллида;Ж
Аллие;Ж
Аллина;Ж
Аллиса;Ж
Аллиула;Ж
Аллифтина;Ж
Аллия;Ж
Аллла;Ж
Аллоиза;Ж
Аллорика;Ж
Аллэитта;Ж
Алля;Ж
Аллямша;Ж
Алма;Ж
Алмабика;Ж
Алмагуль;Ж
Алмаз;Ж
Алмаза;Ж
Алмазия;Ж
Алмара;Ж
Алмеда;Ж
Алмера;Ж
Алмила;Ж
Алмира;Ж
Алмирза;Ж
Ална;Ж
Алнена;Ж
Алня;Ж
Алодия;Ж
Алоида;Ж
Алоиза;Ж
Алоизия;Ж
Алойза;Ж
Алойзия;Ж
Алолинария;Ж
Алона;Ж
Алондра;Ж
Алонзия;Ж
Алония;Ж
Алорина;Ж
Алория;Ж
Алочка;Ж
Алпиина;Ж
Алпина;Ж
Алпия;Ж
Алпият;Ж
Алсаада;Ж
Алсанаа;Ж
Алсафа;Ж
Алсу;Ж
Алта;Ж
Алтана;Ж
Алтея;Ж
Алтина;Ж
Алтына;Ж
Алтынай;Ж
Алтынбийке;Ж
Алтынгуль;Ж
Алтынкуль;Ж
Алтыншаш;Ж
Алуа;Ж
Алуда;Ж
Алуиза;Ж
Алуль;Ж
Алуна;Ж
Алуника;Ж
Алура;Ж
Алуре;Ж
Алуша;Ж
Алфа;Ж
Алфаита;Ж
Алферита;Ж
Алфея;Ж
Алфида;Ж
Алфие;Ж
Алфиза;Ж
Алфина;Ж
Алфинора;Ж
Алфинтина;Ж
Алфира;Ж
Алфиса;Ж
Алфия;Ж
Алфият;Ж
Алфрефа;Ж
Алфрида;Ж
Алхасу;Ж
Алчвеза;Ж
Алшалада;Ж
Алысафа;Ж
Алыца;Ж
Алыце;Ж
Альазайза;Ж
Альбена;Ж
Альбера;Ж
Альберина;Ж
Альберта;Ж
Альбертина;Ж
Альбета;Ж
Альби;Ж
Альбида;Ж
Альбина;Ж
Альбира;Ж
Альбирина;Ж
Альбирита;Ж
Альбита;Ж
Альбия;Ж
Альбона;Ж
Альва;Ж
Альвара;Ж
Альвелина;Ж
Альвелтина;Ж
Альвентина;Ж
Альвера;Ж
Альверда;Ж
Альверуте;Ж
Альвеста;Ж
Альвета;Ж
Альветина;Ж
Альветиня;Ж
Альветта;Ж
Альви;Ж
Альвиана;Ж
Альвида;Ж
Альвиль;Ж
Альвильда;Ж
Альвина;Ж
Альвинтина;Ж
Альвиня;Ж
Альвира;Ж
Альвиса;Ж
Альвисия;Ж
Альвита;Ж
Альвитина;Ж
Альвия;Ж
Альвна;Ж
Альга;Ж
Альге;Ж
Альгелина;Ж
Альгенина;Ж
Альгилина;Ж
Альгима;Ж
Альгиманта;Ж
Альгиманте;Ж
Альгина;Ж
Альда;Ж
Альдана;Ж
Альдвина;Ж
Альдиана;Ж
Альдимира;Ж
Альдина;Ж
Альдия;Ж
Альдоза;Ж
Альдона;Ж
Альдуся;Ж
Альеза;Ж
Альена;Ж
Альенна;Ж
Альетина;Ж
Альжанат;Ж
Альжбета;Ж
Альжбетта;Ж
Альзана;Ж
Альзбета;Ж
Альзимина;Ж
Альзира;Ж
Альивина;Ж
Альие;Ж
Альина;Ж
Алькина;Ж
Альма;Ж
Альмара;Ж
Альмида;Ж
Альмидия;Ж
Альмика;Ж
Альмина;Ж
Альминиса;Ж
Альминура;Ж
Альмира;Ж
Альмуся;Ж
Альмэ;Ж
Альмя;Ж
Альна;Ж
Альнона;Ж
Альнора;Ж
Альнура;Ж
Альома;Ж
Альона;Ж
Альопа;Ж
Альория;Ж
Альпедина;Ж
Альпенида;Ж
Альпида;Ж
Альпидея;Ж
Альпина;Ж
Альпият;Ж
Альсана;Ж
Альсина;Ж
Альсия;Ж
Альта;Ж
Альтана;Ж
Альтина;Ж
Альфа;Ж
Альфера;Ж
Альфея;Ж
Альфида;Ж
Альфиза;Ж
Альфина;Ж
Альфинора;Ж
Альфинра;Ж
Альфинура;Ж
Альфира;Ж
Альфиса;Ж
Альфитина;Ж
Альфия;Ж
Альфония;Ж
Альфонса;Ж
Альфонсина;Ж
Альфосина;Ж
Альфреда;Ж
Альфредия;Ж
Альфрида;Ж
Альфукаха;Ж
Альфына;Ж
Альфюса;Ж
Альхия;Ж
Альцеса;Ж
Альцина;Ж
Альциона;Ж
Альяна;Ж
Альяса;Ж
Алюбина;Ж
Алюбия;Ж
Алюма;Ж
Алюня;Ж
Алюсия;Ж
Алюсь;Ж
Алюся;Ж
Алюта;Ж
Алютина;Ж
Алютына;Ж
Алюфтина;Ж
Аля;Ж
Алямша;Ж
Аляна;Ж
Аляндра;Ж
Аляра;Ж
Ама;Ж
Амабиля;Ж
Амада;Ж
Амаду;Ж
Амаида;Ж
Амаийия;Ж
Амалиа;Ж
Амалия;Ж
Амаль;Ж
Амальгина;Ж
Амаля;Ж
Аманаида;Ж
Аманат;Ж
Амангуль;Ж
Аманда;Ж
Амани;Ж
Амания;Ж
Аманкуль;Ж
Аманула;Ж
Аманулла;Ж
Аманхожа;Ж
Амара;Ж
Амарендра;Ж
Амаринта;Ж
Амася;Ж
Аматерасу;Ж
Аматулла;Ж
Амбалика;Ж
Амбая;Ж
Амброзина;Ж
Амброзия;Ж
Амброзь;Ж
Амбрось;Ж
Амбрузия;Ж
Амбулла;Ж
Амврозия;Ж
Амвросия;Ж
Амеде;Ж
Амела;Ж
Амели;Ж
Амелия;Ж
Амель;Ж
Амеля;Ж
Амена;Ж
Амения;Ж
Аменна;Ж
Аменту;Ж
Аменя;Ж
Амерулла;Ж
Амза;Ж
Амиата;Ж
Амида;Ж
Амидала;Ж
Амидия;Ж
Амидля;Ж
Амидреза;Ж
Амидэ;Ж
Амизия;Ж
Амила;Ж
Амилия;Ж
Амиль;Ж
Амильда;Ж
Амиля;Ж
Амина;Ж
Аминала;Ж
Аминат;Ж
Амине;Ж
Аминиса;Ж
Аминия;Ж
Аминодора;Ж
Аминь;Ж
Амира;Ж
Амиральда;Ж
Амирана;Ж
Амирани;Ж
Амире;Ж
Амиржужа;Ж
Амирза;Ж
Амирулла;Ж
Амирша;Ж
Амитава;Ж
Амить;Ж
Амият;Ж
Амма;Ж
Аммия;Ж
Амму;Ж
Аммура;Ж
Амна;Ж
Амоля;Ж
Амполия;Ж
Амра;Ж
Амреза;Ж
Амрендра;Ж
Амрина;Ж
Амрия;Ж
Амрула;Ж
Амрулла;Ж
Амсият;Ж
Амуна;Ж
Амурла;Ж
Амурша;Ж
Амфиза;Ж
Амфисия;Ж
Амфия;Ж
Амья;Ж
Ана;Ж
Анав;Ж
Анагита;Ж
Анагония;Ж
Анадия;Ж
Аназтазия;Ж
Анаида;Ж
Анаираа;Ж
Анаис;Ж
Анаисья;Ж
Анаит;Ж
Анаита;Ж
Анаитта;Ж
Анай;Ж
Анайда;Ж
Аналида;Ж
Анализа;Ж
Аналина;Ж
Аналини;Ж
Аналия;Ж
Аналя;Ж
Анам;Ж
Ананда;Ж
Ананива;Ж
Анания;Ж
Анансина;Ж
Ананта;Ж
Анань;Ж
Анапиче;Ж
Анаполония;Ж
Анапстасия;Ж
Анара;Ж
Анаргуль;Ж
Анариана;Ж
Анария;Ж
Анасия;Ж
Анаснасия;Ж
Анасса;Ж
Анаста;Ж
Анастази;Ж
Анастазия;Ж
Анастаися;Ж
Анасталия;Ж
Анастамия;Ж
Анастания;Ж
Анастансия;Ж
Анастасиия;Ж
Анастасия;Ж
Анастасья;Ж
Анастация;Ж
Анастия;Ж
Анастленя;Ж
Анастосия;Ж
Анасья;Ж
Анатазия;Ж
Анаталия;Ж
Анаталья;Ж
Анатасия;Ж
Анатлья;Ж
Анатоли;Ж
Анатолийя;Ж
Анатолина;Ж
Анатолия;Ж
Анатолья;Ж
Анатонина;Ж
Анатония;Ж
Анатсасия;Ж
Анаттелия;Ж
Анаукасия;Ж
Анафаталия;Ж
Анафия;Ж
Анваль;Ж
Анвара;Ж
Анвария;Ж
Анварша;Ж
Анварь;Ж
Анвэрь;Ж
Анвярь;Ж
Анга;Ж
Ангала;Ж
Ангалина;Ж
Анганета;Ж
Ангара;Ж
Ангари;Ж
Ангела;Ж
Ангеле;Ж
Ангелена;Ж
Ангеливка;Ж
Ангелида;Ж
Ангелика;Ж
Ангелима;Ж
Ангелина;Ж
Ангелинна;Ж
Ангелиса;Ж
Ангелия;Ж
Ангелла;Ж
Ангелуца;Ж
Ангельна;Ж
Ангельсина;Ж
Ангеля;Ж
Ангерика;Ж
Ангесса;Ж
Ангета;Ж
Ангилина;Ж
Ангильсина;Ж
Ангина;Ж
Ангиса;Ж
Ангия;Ж
Англина;Ж
Англиса;Ж
Анголина;Ж
Анголюдия;Ж
Ангонина;Ж
Ангрета;Ж
Анда;Ж
Андания;Ж
Андежда;Ж
Анделка;Ж
Андемилина;Ж
Анджани;Ж
Анджела;Ж
Анджелена;Ж
Анджели;Ж
Анджелика;Ж
Анджелина;Ж
Анджелита;Ж
Анджелия;Ж
Анджелла;Ж
Анджеолина;Ж
Анджиолина;Ж
Андизия;Ж
Андила;Ж
Андимилина;Ж
Андимира;Ж
Андия;Ж
Андозия;Ж
Андонида;Ж
Андра;Ж
Андраде;Ж
Андреа;Ж
Андреана;Ж
Андреанна;Ж
Андреила;Ж
Андрель;Ж
Андрема;Ж
Андрея;Ж
Андреяна;Ж
Андреянна;Ж
Андриа;Ж
Андриаи;Ж
Андриана;Ж
Андрианна;Ж
Андриелла;Ж
Андриетта;Ж
Андрийка;Ж
Андрине;Ж
Андрия;Ж
Андрияна;Ж
Андрона;Ж
Андроника;Ж
Андронина;Ж
Андронь;Ж
Андхузя;Ж
Андьялка;Ж
Андьянна;Ж
Андялка;Ж
Анеенида;Ж
Анежа;Ж
Анежка;Ж
Анежла;Ж
Анеза;Ж
Анезия;Ж
Анезка;Ж
Анеинина;Ж
Анеиса;Ж
Анела;Ж
Анеле;Ж
Анели;Ж
Анелиза;Ж
Анелина;Ж
Анелия;Ж
Анелла;Ж
Анелли;Ж
Анеллина;Ж
Анеллия;Ж
Анелля;Ж
Анель;Ж
Анельга;Ж
Анельгия;Ж
Анелька;Ж
Анелья;Ж
Анеля;Ж
Анема;Ж
Анемаиса;Ж
Анемея;Ж
Анена;Ж
Анепя;Ж
Анера;Ж
Анес;Ж
Анеса;Ж
Анесса;Ж
Анета;Ж
Анетт;Ж
Анетта;Ж
Анефе;Ж
Анжа;Ж
Анжала;Ж
Анжана;Ж
Анжбета;Ж
Анжеа;Ж
Анжела;Ж
Анжелена;Ж
Анжели;Ж
Анжелика;Ж
Анжелина;Ж
Анжелинка;Ж
Анжелита;Ж
Анжелица;Ж
Анжелия;Ж
Анжелла;Ж
Анжелле;Ж
Анжеллика;Ж
Анжеллита;Ж
Анжель;Ж
Анжеля;Ж
Анженеля;Ж
Анжилика;Ж
Анжилина;Ж
Анжэла;Ж
Анжэлика;Ж
Анзель;Ж
Анзельма;Ж
Анзима;Ж
Анзира;Ж
Анзират;Ж
Анзия;Ж
Ани;Ж
Аниа;Ж
Анида;Ж
Аниде;Ж
Ание;Ж
Аниза;Ж
Анизе;Ж
Анизия;Ж
Анизя;Ж
Аниила;Ж
Анийса;Ж
Аника;Ж
Аникия;Ж
Анико;Ж
Аниксия;Ж
Аникуца;Ж
Анила;Ж
Анилина;Ж
Анилия;Ж
Анилла;Ж
Аниль;Ж
Анилька;Ж
Анилья;Ж
Аниля;Ж
Анимаиса;Ж
Анимайса;Ж
Аниманиса;Ж
Анимоиса;Ж
Анина;Ж
Анинга;Ж
Анине;Ж
Анинель;Ж
Анинеля;Ж
Анинья;Ж
Анионина;Ж
Анира;Ж
Анире;Ж
Аниса;Ж
Анисат;Ж
Анисела;Ж
Анисильхия;Ж
Анисима;Ж
Анисина;Ж
Анисита;Ж
Анисия;Ж
Аниска;Ж
Аниссия;Ж
Аниська;Ж
Анисьма;Ж
Анисья;Ж
Анисэ;Ж
Анися;Ж
Анита;Ж
Анитра;Ж
Анифа;Ж
Анифат;Ж
Анифе;Ж
Анифель;Ж
Анифэ;Ж
Аница;Ж
Аницета;Ж
Аницетта;Ж
Аничка;Ж
Анишка;Ж
Анишоара;Ж
Анишора;Ж
Ания;Ж
Аният;Ж
Анка;Ж
Анкера;Ж
Анкилина;Ж
Анкуца;Ж
Анмета;Ж
Анна;Ж
Аннабелла;Ж
Аннабиби;Ж
Аннагуль;Ж
Аннаджемал;Ж
Аннаи;Ж
Аннаид;Ж
Аннаида;Ж
Аннамари;Ж
Аннамария;Ж
Аннанина;Ж
Аннастасии;Ж
Аннатэч;Ж
Анне;Ж
Аннела;Ж
Аннели;Ж
Аннелина;Ж
Аннелия;Ж
Аннель;Ж
Аннеля;Ж
Аннемари;Ж
Аннергина;Ж
Аннеса;Ж
Аннеся;Ж
Аннет;Ж
Аннета;Ж
Аннетта;Ж
Анниета;Ж
Анника;Ж
Аннико;Ж
Аннина;Ж
Анниса;Ж
Аннита;Ж
Анния;Ж
Аннуца;Ж
Аннушка;Ж
Аннычка;Ж
Аннэ;Ж
Аннэла;Ж
Аннэли;Ж
Аннэт;Ж
Аннэта;Ж
Аноида;Ж
Анолинария;Ж
Анолия;Ж
Аноля;Ж
Аномда;Ж
Анонида;Ж
Анонила;Ж
Анонина;Ж
Анонна;Ж
Анонь;Ж
Анора;Ж
Анориса;Ж
Анория;Ж
Анорка;Ж
Анорцива;Ж
Аностасия;Ж
Анполинария;Ж
Анпыла;Ж
Анриэта;Ж
Ансари;Ж
Анситалия;Ж
Анта;Ж
Анталия;Ж
Анталя;Ж
Антанида;Ж
Антаника;Ж
Антанина;Ж
Антейка;Ж
Антела;Ж
Антелика;Ж
Антелина;Ж
Антемия;Ж
Антепа;Ж
Антея;Ж
Антига;Ж
Антилла;Ж
Антимоза;Ж
Антина;Ж
Антинина;Ж
Антиса;Ж
Антислава;Ж
Антнонина;Ж
Антоанета;Ж
Антолина;Ж
Антолия;Ж
Антоля;Ж
Антомида;Ж
Антона;Ж
Антонада;Ж
Антонелла;Ж
Антонель;Ж
Антонеса;Ж
Антонесса;Ж
Антонета;Ж
Антонетта;Ж
Антониа;Ж
Антониана;Ж
Антонига;Ж
Антонида;Ж
Антоника;Ж
Антонила;Ж
Антонина;Ж
Антонинатфедосе;Ж
Антонинда;Ж
Антонита;Ж
Антония;Ж
Антонка;Ж
Антонна;Ж
Антонона;Ж
Антоня;Ж
Антопа;Ж
Антосина;Ж
Антосия;Ж
Антоська;Ж
Антося;Ж
Антра;Ж
Анттонета;Ж
Антуана;Ж
Антуанета;Ж
Антуанетта;Ж
Антуаннета;Ж
Антэя;Ж
Ануджа;Ж
Ануза;Ж
Анузя;Ж
Анук;Ж
Анула;Ж
Анулила;Ж
Анулья;Ж
Ануля;Ж
Анура;Ж
Анусия;Ж
Ануска;Ж
Ануся;Ж
Анута;Ж
Ануфрия;Ж
Ануца;Ж
Ануш;Ж
Ануша;Ж
Анушаваи;Ж
Анушеван;Ж
Анушка;Ж
Ануэла;Ж
Анфа;Ж
Анфея;Ж
Анфига;Ж
Анфиза;Ж
Анфизия;Ж
Анфила;Ж
Анфилиса;Ж
Анфина;Ж
Анфира;Ж
Анфиса;Ж
Анфисина;Ж
Анфисия;Ж
Анфиста;Ж
Анфися;Ж
Анфия;Ж
Анфрита;Ж
Анфула;Ж
Анфуса;Ж
Анфусья;Ж
Анфуся;Ж
Анхар;Ж
Анхела;Ж
Анхелика;Ж
Анхелита;Ж
Анхеля;Ж
Анхимена;Ж
Анхира;Ж
Анце;Ж
Анцета;Ж
Анча;Ж
Анчель;Ж
Анша;Ж
Анше;Ж
Аншела;Ж
Аншу;Ж
Аншуль;Ж
Анылия;Ж
Аныля;Ж
Аныния;Ж
Анысия;Ж
Анычка;Ж
Анышка;Ж
Аньваря;Ж
Анье;Ж
Аньлу;Ж
Анья;Ж
Анэга;Ж
Анэле;Ж
Анэли;Ж
Анэлина;Ж
Анэлия;Ж
Анэля;Ж
Анэта;Ж
Анэя;Ж
Анюса;Ж
Анюта;Ж
Аня;Ж
Аои;Ж
Аола;Ж
Аомаха;Ж
Аонаи;Ж
Аория;Ж
Аося;Ж
Апав;Ж
Апазия;Ж
Апалания;Ж
Апалинария;Ж
Апамба;Ж
Апанасия;Ж
Апараджита;Ж
Апарна;Ж
Апдона;Ж
Апевтина;Ж
Апеграфиния;Ж
Апелагея;Ж
Апелия;Ж
Апеля;Ж
Аперья;Ж
Апзия;Ж
Апиления;Ж
Апилина;Ж
Апипе;Ж
Апифе;Ж
Апия;Ж
Апла;Ж
Апоиза;Ж
Аполения;Ж
Аполикария;Ж
Аполина;Ж
Аполинадия;Ж
Аполинария;Ж
Аполинарья;Ж
Аполиндрия;Ж
Аполиния;Ж
Аполия;Ж
Аполликария;Ж
Аполлинари;Ж
Аполлинария;Ж
Аполлитария;Ж
Аполлона;Ж
Аполлония;Ж
Аполомия;Ж
Аполона;Ж
Аполония;Ж
Аполь;Ж
Апомония;Ж
Апонария;Ж
Апопинария;Ж
Апория;Ж
Апостолия;Ж
Аппалинария;Ж
Апполикария;Ж
Апполина;Ж
Апполинара;Ж
Апполинария;Ж
Апполинарья;Ж
Апполинора;Ж
Апполония;Ж
Апраксия;Ж
Апраска;Ж
Апрелина;Ж
Апрель;Ж
Апреля;Ж
Априа;Ж
Априса;Ж
Апросиния;Ж
Апросия;Ж
Апсели;Ж
Апфеня;Ж
Апфиль;Ж
Апфия;Ж
Арабелла;Ж
Аразгуль;Ж
Араида;Ж
Араика;Ж
Араиса;Ж
Аракея;Ж
Аракса;Ж
Аракси;Ж
Араксия;Ж
Аракся;Ж
Аракула;Ж
Аранка;Ж
Арань;Ж
Арапа;Ж
Арапат;Ж
Арара;Ж
Арасия;Ж
Аратина;Ж
Арафина;Ж
Арбела;Ж
Арбертина;Ж
Арбина;Ж
Арвалда;Ж
Арвета;Ж
Арвина;Ж
Арганелла;Ж
Аргелента;Ж
Аргелия;Ж
Аргена;Ж
Аргента;Ж
Аргентина;Ж
Аргепина;Ж
Аргина;Ж
Аргине;Ж
Аргира;Ж
Аргула;Ж
Аргуста;Ж
Арда;Ж
Ардак;Ж
Ареадна;Ж
Аревина;Ж
Арега;Ж
Арелия;Ж
Ареля;Ж
Арена;Ж
Арепина;Ж
Ареста;Ж
Арестедия;Ж
Арестея;Ж
Арестида;Ж
Арестика;Ж
Арестина;Ж
Арестия;Ж
Арета;Ж
Аретия;Ж
Аретта;Ж
Арефа;Ж
Аржбета;Ж
Аржела;Ж
Аржена;Ж
Аржентина;Ж
Аржинтина;Ж
Арзу;Ж
Арзубанда;Ж
Арзуда;Ж
Арзулла;Ж
Ариа;Ж
Ариада;Ж
Ариадина;Ж
Ариадна;Ж
Ариана;Ж
Арианда;Ж
Ариандна;Ж
Ариандра;Ж
Арианна;Ж
Ариарда;Ж
Арига;Ж
Ариге;Ж
Аридина;Ж
Арие;Ж
Ариедия;Ж
Ариела;Ж
Ариель;Ж
Ариза;Ж
Арика;Ж
Арима;Ж
Аримилия;Ж
Арина;Ж
Арината;Ж
Аринзе;Ж
Аринунаа;Ж
Ариоза;Ж
Ариорита;Ж
Арипа;Ж
Арипат;Ж
Арипе;Ж
Ариса;Ж
Арислава;Ж
Ариста;Ж
Аристарь;Ж
Аристения;Ж
Аристея;Ж
Аристида;Ж
Аристина;Ж
Аристиния;Ж
Аристица;Ж
Аристия;Ж
Арися;Ж
Арита;Ж
Ариунаа;Ж
Арифа;Ж
Арифула;Ж
Арифя;Ж
Ариэль;Ж
Ариэта;Ж
Ария;Ж
Арияда;Ж
Арияна;Ж
Ариянна;Ж
Аркади;Ж
Аркадина;Ж
Аркадия;Ж
Аркадя;Ж
Аркардия;Ж
Аркентина;Ж
Арктика;Ж
Арламбия;Ж
Арлеана;Ж
Арлемпия;Ж
Арлена;Ж
Арлета;Ж
Арлетта;Ж
Арлина;Ж
Арлине;Ж
Арля;Ж
Арма;Ж
Армангуль;Ж
Арманда;Ж
Арманка;Ж
Армела;Ж
Армелия;Ж
Армелла;Ж
Армена;Ж
Армене;Ж
Армения;Ж
Арменуа;Ж
Арменуга;Ж
Арменуи;Ж
Армида;Ж
Армильда;Ж
Армина;Ж
Армира;Ж
Армия;Ж
Армолина;Ж
Армония;Ж
Армыда;Ж
Армяне;Ж
Арна;Ж
Арнада;Ж
Арнела;Ж
Арнель;Ж
Арнера;Ж
Арнестина;Ж
Арнида;Ж
Арника;Ж
Арниса;Ж
Арнита;Ж
Арнольдина;Ж
Арнош;Ж
Аролия;Ж
Арона;Ж
Арони;Ж
Арония;Ж
Аронка;Ж
Арора;Ж
Аротмена;Ж
Ароэль;Ж
Арпеника;Ж
Арпета;Ж
Арпина;Ж
Арпине;Ж
Арпита;Ж
Арра;Ж
Арсава;Ж
Арсанага;Ж
Арселла;Ж
Арсель;Ж
Арсена;Ж
Арсенида;Ж
Арсения;Ж
Арсеноя;Ж
Арсентия;Ж
Арсену;Ж
Арсень;Ж
Арта;Ж
Артана;Ж
Артанка;Ж
Арташа;Ж
Артезия;Ж
Артема;Ж
Артемезия;Ж
Артемесия;Ж
Артемида;Ж
Артемиза;Ж
Артемизия;Ж
Артемизня;Ж
Артемия;Ж
Артения;Ж
Артимизия;Ж
Артимия;Ж
Артина;Ж
Артиния;Ж
Артура;Ж
Артуся;Ж
Артымиза;Ж
Артымизия;Ж
Ару;Ж
Арудя;Ж
Арулла;Ж
Аруна;Ж
Арунава;Ж
Аруня;Ж
Арус;Ж
Аруся;Ж
Арфения;Ж
Арфенья;Ж
Арфеня;Ж
Арфиза;Ж
Архангеля;Ж
Архелая;Ж
Архидея;Ж
Архилая;Ж
Архилина;Ж
Архондеса;Ж
Аршуля;Ж
Арыстия;Ж
Арыстя;Ж
Арыся;Ж
Арьяна;Ж
Арьянна;Ж
Арэга;Ж
Аряна;Ж
Асако;Ж
Асалбика;Ж
Асаль;Ж
Асальбина;Ж
Асама;Ж
Асанна;Ж
Асарат;Ж
Асатула;Ж
Асбазият;Ж
Асбат;Ж
Асват;Ж
Асветлана;Ж
Асвира;Ж
Асгатула;Ж
Асгатулла;Ж
Аседулла;Ж
Аселина;Ж
Асель;Ж
Асем;Ж
Асена;Ж
Асената;Ж
Асене;Ж
Асенефа;Ж
Асенефта;Ж
Асенешерфе;Ж
Асения;Ж
Асет;Ж
Асея;Ж
Асжана;Ж
Асиба;Ж
Асибе;Ж
Асиве;Ж
Асивтина;Ж
Асига;Ж
Асида;Ж
Асидора;Ж
Асие;Ж
Асийа;Ж
Асила;Ж
Асиль;Ж
Асильвина;Ж
Асиля;Ж
Асима;Ж
Асимтулла;Ж
Асина;Ж
Асинефта;Ж
Асиния;Ж
Асиса;Ж
Асия;Ж
Асият;Ж
Аскалия;Ж
Аскания;Ж
Аскира;Ж
Аскитрея;Ж
Аскитрия;Ж
Асклиада;Ж
Аскярь;Ж
Аслазия;Ж
Аслана;Ж
Аслибика;Ж
Аслимат;Ж
Аслият;Ж
Аслы;Ж
Аслыханум;Ж
Асма;Ж
Асмабека;Ж
Асмабика;Ж
Асмабике;Ж
Асмана;Ж
Асмара;Ж
Асмарат;Ж
Асмаула;Ж
Асмеральда;Ж
Асмик;Ж
Асмильда;Ж
Асмина;Ж
Асмиральда;Ж
Асмобика;Ж
Асна;Ж
Аснельда;Ж
Асолья;Ж
Аспазия;Ж
Аспария;Ж
Аспозия;Ж
Асса;Ж
Ассана;Ж
Ассига;Ж
Ассие;Ж
Ассина;Ж
Ассирия;Ж
Ассия;Ж
Ассма;Ж
Ассоль;Ж
Асся;Ж
Аста;Ж
Асталора;Ж
Астанда;Ж
Астасия;Ж
Астафия;Ж
Астелла;Ж
Астерия;Ж
Астимира;Ж
Астина;Ж
Астиния;Ж
Астра;Ж
Астрата;Ж
Астрелия;Ж
Астрида;Ж
Астрик;Ж
Астрика;Ж
Астрит;Ж
Астурия;Ж
Асула;Ж
Асуна;Ж
Асфия;Ж
Асхик;Ж
Асыл;Ж
Асылбика;Ж
Асыфа;Ж
Асыя;Ж
Асьия;Ж
Асьма;Ж
Асья;Ж
Ася;Ж
Атаиза;Ж
Аталея;Ж
Аталина;Ж
Аталия;Ж
Аталя;Ж
Атамара;Ж
Атамария;Ж
Атамирза;Ж
Атамша;Ж
Атаназия;Ж
Атанаска;Ж
Атасия;Ж
Атата;Ж
Атаула;Ж
Атаулла;Ж
Атафия;Ж
Атафья;Ж
Атеина;Ж
Атеиса;Ж
Ателина;Ж
Ателия;Ж
Ателка;Ж
Ателла;Ж
Атенаиса;Ж
Атетей;Ж
Атефе;Ж
Атея;Ж
Атиезия;Ж
Атика;Ж
Атикат;Ж
Атикулла;Ж
Атила;Ж
Атилия;Ж
Атиля;Ж
Атине;Ж
Атира;Ж
Атисия;Ж
Атиталла;Ж
Атица;Ж
Атладия;Ж
Атланда;Ж
Атланта;Ж
Атлантида;Ж
Атлина;Ж
Атонида;Ж
Атонина;Ж
Атория;Ж
Атрафена;Ж
Атриналия;Ж
Атриса;Ж
Атсуко;Ж
Аттаба;Ж
Атталея;Ж
Аттикулла;Ж
Аттила;Ж
Атуна;Ж
Атфея;Ж
Атына;Ж
Атья;Ж
Атэна;Ж
Атюкей;Ж
Аугафена;Ж
Аугустина;Ж
Аугустине;Ж
Аугусту;Ж
Аугушту;Ж
Аудалла;Ж
Ауделия;Ж
Аудра;Ж
Аудрона;Ж
Аудроне;Ж
Аузария;Ж
Аукерия;Ж
Ауксентия;Ж
Аулита;Ж
Аура;Ж
Ауреелия;Ж
Аурели;Ж
Аурелиия;Ж
Аурелия;Ж
Аурелла;Ж
Аурель;Ж
Аурелья;Ж
Ауреля;Ж
Аурика;Ж
Аурилия;Ж
Ауриль;Ж
Аурина;Ж
Аурипа;Ж
Ауристида;Ж
Аурица;Ж
Аурия;Ж
Ауркина;Ж
Аурклия;Ж
Ауроелия;Ж
Аурора;Ж
Аурэмия;Ж
Аусима;Ж
Аусма;Ж
Ауста;Ж
Аустра;Ж
Ауфа;Ж
Ауце;Ж
Аушра;Ж
Аушрялэ;Ж
Афа;Ж
Афана;Ж
Афаназия;Ж
Афанасия;Ж
Афанасья;Ж
Афанина;Ж
Афания;Ж
Афасия;Ж
Афгаль;Ж
Афгения;Ж
Афгефя;Ж
Афень;Ж
Афиала;Ж
Афига;Ж
Афида;Ж
Афиза;Ж
Афизат;Ж
Афизе;Ж
Афила;Ж
Афилия;Ж
Афиля;Ж
Афимия;Ж
Афимья;Ж
Афина;Ж
Афинея;Ж
Афиона;Ж
Афиония;Ж
Афиса;Ж
Афисат;Ж
Афифа;Ж
Афифе;Ж
Афифия;Ж
Афифя;Ж
Афия;Ж
Афка;Ж
Афонасийка;Ж
Афонасия;Ж
Афония;Ж
Афра;Ж
Афранжия;Ж
Афрасения;Ж
Афридита;Ж
Афродита;Ж
Афрозиния;Ж
Афросиния;Ж
Афросинья;Ж
Афсана;Ж
Афсане;Ж
Афта;Ж
Афталина;Ж
Афтения;Ж
Афтенья;Ж
Афтеня;Ж
Афтона;Ж
Ахавна;Ж
Ахат;Ж
Ахата;Ж
Ахать;Ж
Ахаува;Ж
Ахбике;Ж
Ахгюль;Ж
Ахель;Ж
Ахилина;Ж
Ахилламина;Ж
Ахилына;Ж
Ахимия;Ж
Ахлам;Ж
Ахлема;Ж
Ахлен;Ж
Ахлима;Ж
Ахлыдула;Ж
Ахмагулла;Ж
Ахмадреза;Ж
Ахмадула;Ж
Ахмадулла;Ж
Ахматша;Ж
Ахметзия;Ж
Ахметрыза;Ж
Ахметсафа;Ж
Ахметша;Ж
Ахмолла;Ж
Ахмятша;Ж
Ахра;Ж
Ахрестина;Ж
Ахрика;Ж
Ахтания;Ж
Ахтаня;Ж
Ахтарния;Ж
Ахтима;Ж
Ахтися;Ж
Ахтия;Ж
Ацана;Ж
Ачканье;Ж
Ачфатьма;Ж
Аша;Ж
Ашатбаба;Ж
Ашат;Ж
Ашая;Ж
Ашбета;Ж
Ашерфе;Ж
Ашиме;Ж
Ашира;Ж
Аширбу;Ж
Аширгуль;Ж
Аширгюль;Ж
Ашире;Ж
Ашифе;Ж
Ашиша;Ж
Ашкулла;Ж
Ашрапиль;Ж
Ашу;Ж
Ашура;Ж
Ашурай;Ж
Ашхен;Ж
Ашхена;Ж
Аэлина;Ж
Аэлита;Ж
Аэлитта;Ж
Аэлла;Ж
Аэллита;Ж
Аэонила;Ж
Аэра;Ж
Аэрика;Ж
Аэрия;Ж
Аэт;Ж
Аюдтила;Ж
Аюеза;Ж
Аюлия;Ж
Аюна;Ж
Аюта;Ж
Аяко;Ж
Аян;Ж
Аяна;Ж
Аят;Ж
Аяулым;Ж
Баажат;Ж
Баба;Ж
Бабета;Ж
Бабетта;Ж
Бабиджана;Ж
Бабилина;Ж
Бабита;Ж
Бавсия;Ж
Багдада;Ж
мусульм.;Ж
Багдана;Ж
Багжат;Ж
Багиля;Ж
Багинат;Ж
Багира;Ж
Багисултан;Ж
Багия;Ж
Бадана;Ж
Бадгельямия;Ж
Бадиля;Ж
Бадисафа;Ж
Бадия;Ж
Бадият;Ж
Бадрижат;Ж
Бадрисат;Ж
Бадружаган;Ж
Базилия;Ж
Базылина;Ж
Баира;Ж
Баинат;Ж
Байба;Ж
Байзат;Ж
Байрамгыз;Ж
Байсият;Ж
Баканай;Ж
Бакар;Ж
Бактикай;Ж
Балаханум;Ж
Балбаджи;Ж
Балбике;Ж
Балжан;Ж
Балкия;Ж
Бальбина;Ж
Бальва;Ж
Банга;Ж
Баньюта;Ж
Балгын;Ж
Барба;Ж
Барбала;Ж
Барбара;Ж
Барият;Ж
Басма;Ж
Басират;Ж
Басият;Ж
Бася;Ж
Батина;Ж
Батит;Ж
Батмат;Ж
Батул;Ж
Батули;Ж
Батырша;Ж
Бафукса;Ж
Бахтикай;Ж
Бахтикей;Ж
Бахты;Ж
Баху;Ж
Башарат;Ж
Башат;Ж
Башира;Ж
Бахытгуль;Ж
Бачханум;Ж
Беактриса;Ж
Беанка;Ж
Беата;Ж
Беатрис;Ж
Беатриса;Ж
Беатрисия;Ж
Беатрица;Ж
Беатриче;Ж
Беатта;Ж
Бебяна;Ж
Бегония;Ж
Бежана;Ж
Бейзер;Ж
Бейла;Ж
Бекзада;Ж
Беки;Ж
Белина;Ж
Белинеса;Ж
Белла;Ж
Беллюбовь;Ж
Белля;Ж
Белляна;Ж
Бело;Ж
Белоида;Ж
Беля;Ж
Белянка;Ж
Беназир;Ж
Бенареса;Ж
Беневша;Ж
Бенедика;Ж
Бенедикта;Ж
Бенедикте;Ж
Бенивша;Ж
Береника;Ж
Береслава;Ж
Берлина;Ж
Берлинда;Ж
Берлинка;Ж
Бернадета;Ж
Бернадетта;Ж
Бернадина;Ж
Бернадия;Ж
Бернадка;Ж
Бернадтка;Ж
Бернадя;Ж
Бернара;Ж
Бернарда;Ж
Бернардка;Ж
Бернардта;Ж
Бернарта;Ж
Берната;Ж
Бернатка;Ж
Бернода;Ж
Берта;Ж
Берти;Ж
Бертина;Ж
Бертоина;Ж
Бертольда;Ж
Бертта;Ж
Бесер;Ж
Бести;Ж
Бесхалум;Ж
Бесханум;Ж
Бета;Ж
Беттина;Ж
Бетя;Ж
Бея;Ж
Биада;Ж
Биактриса;Ж
Биалина;Ж
Биана;Ж
Бианка;Ж
Бианна;Ж
Биата;Ж
Биатриса;Ж
Биби;Ж
Бибигафия;Ж
Бибигуль;Ж
Бибизания;Ж
Бибиханум;Ж
Бибихаво;Ж
Бигимага;Ж
Бидзина;Ж
Бийке;Ж
Бийкеабай;Ж
Бийкебай;Ж
Бика;Ж
Биканат;Ж
Бике;Ж
Бикетув;Ж
Бикеханум;Ж
Биргит;Ж
Биргюль;Ж
Бирута;Ж
Бито;Ж
Бича;Ж
Благодария;Ж
Благоя;Ж
Бландина;Ж
Бланка;Ж
Бланша;Ж
белая;Ж
Богдана;Ж
Богданина;Ж
Богдания;Ж
Богданка;Ж
Богданна;Ж
Богднана;Ж
Боглана;Ж
Богларка;Ж
Богомила;Ж
Богослава;Ж
Богумила;Ж
Богумилла;Ж
Богуслава;Ж
Богуся;Ж
Божана;Ж
Божанна;Ж
Божена;Ж
Боженка;Ж
Болеслава;Ж
Болислава;Ж
Бонислава;Ж
Борбала;Ж
Борбола;Ж
Борина;Ж
Бориса;Ж
Борислава;Ж
Бория;Ж
Ботагоз;Ж
Ботагос;Ж
Ботагуз;Ж
Бояна;Ж
Брадислава;Ж
Брайна;Ж
Бранислава;Ж
Бригида;Ж
Бригина;Ж
Бригит;Ж
Бригита;Ж
Бригитта;Ж
Бригиття;Ж
Бриджендра;Ж
Бридженера;Ж
Брижендра;Ж
Бриида;Ж
Бриланда;Ж
Брилиана;Ж
Брилианта;Ж
Брильяна;Ж
Брингельда;Ж
Бритни;Ж
Бройна;Ж
Бронеслава;Ж
Бронета;Ж
Бронина;Ж
Бронислава;Ж
Брониславия;Ж
Бронислова;Ж
Брония;Ж
Броннислава;Ж
Брослава;Ж
Брунгильда;Ж
Брыляна;Ж
Бугуслава;Ж
Бужения;Ж
Буженка;Ж
Булбул;Ж
Булеся;Ж
Бунесса;Ж
Бурайкат;Ж
Бурлият;Ж
Бурул;Ж
Бустина;Ж
Бутайна;Ж
Бутейна;Ж
Бьянка;Ж
Бэгюль;Ж
Бэла;Ж
Бэлла;Ж
Бэло;Ж
Бэля;Ж
Бэрта;Ж
Ваагна;Ж
Вавилия;Ж
Ваврона;Ж
Вавроника;Ж
Вагидат;Ж
Вагиза;Ж
Ваделия;Ж
Вадима;Ж
Вазгана;Ж
Вазипат;Ж
Вазифа;Ж
Ваина;Ж
Ваислава;Ж
Вайда;Ж
Вайдилуте;Ж
Вайра;Ж
Вакаба;Ж
Вакиль;Ж
Вакиля;Ж
Ваклентина;Ж
Вактория;Ж
Валадият;Ж
Валантина;Ж
Валда;Ж
Валденгтина;Ж
Валдентина;Ж
Валена;Ж
Валенгтина;Ж
Валендина;Ж
Валенина;Ж
Валенита;Ж
Валеннтина;Ж
Валенсия;Ж
Валента;Ж
Валентиана;Ж
Валентина;Ж
Валентиназинаида;Ж
Валентинанатали;Ж
Валентинка;Ж
Валентинна;Ж
Валентира;Ж
Валентита;Ж
Валентиына;Ж
Валенфина;Ж
Валердина;Ж
Валери;Ж
Валериана;Ж
Валерианна;Ж
Валерика;Ж
Валерина;Ж
Валерис;Ж
Валерия;Ж
Валермина;Ж
Валерьяна;Ж
Валеряна;Ж
Валеска;Ж
Валетина;Ж
Валетнина;Ж
Валефтина;Ж
Валиана;Ж
Валида;Ж
Валидат;Ж
Валидия;Ж
Валика;Ж
Валике;Ж
Валикэ;Ж
Валима;Ж
Валина;Ж
Валинда;Ж
Валита;Ж
Валихана;Ж
Валментина;Ж
Вальвина;Ж
Вальгильмина;Ж
Вальдезара;Ж
Вальдема;Ж
Вальдемара;Ж
Вальдемарда;Ж
Вальдилена;Ж
Вальдина;Ж
Вальентина;Ж
Валькирия;Ж
Вальмира;Ж
Вальсида;Ж
Вальтерия;Ж
Ванада;Ж
Ванда;Ж
Вандалина;Ж
Вандана;Ж
Вандона;Ж
Ванелия;Ж
Ванентита;Ж
Ванерия;Ж
Ванеса;Ж
Ванесса;Ж
Ванжелина;Ж
Ванзета;Ж
Ванилда;Ж
Ванина;Ж
Вания;Ж
Вантина;Ж
Ванута;Ж
Ванэ;Ж
Ванэсса;Ж
Вараска;Ж
Варвава;Ж
Варвапа;Ж
Варвара;Ж
Вариза;Ж
Варика;Ж
Варинка;Ж
Вариора;Ж
Вароника;Ж
Варсалия;Ж
Варуня;Ж
Варуша;Ж
Варыся;Ж
Варька;Ж
Варья;Ж
Варэния;Ж
Варя;Ж
Васа;Ж
Васелена;Ж
Васелина;Ж
Васелиса;Ж
Васена;Ж
Васерия;Ж
Васила;Ж
Василат;Ж
Василена;Ж
Василида;Ж
Василика;Ж
Василина;Ж
Василинка;Ж
Василиса;Ж
Василия;Ж
Васильвера;Ж
Васильевна;Ж
Василя;Ж
Васлава;Ж
Васлина;Ж
Васлия;Ж
Васманна;Ж
Васния;Ж
Васпея;Ж
Васса;Ж
Васфие;Ж
Васылина;Ж
Васылка;Ж
Васылына;Ж
Ватислава;Ж
Ватя;Ж
Вахида;Ж
Вацлава;Ж
Вацслава;Ж
Веалета;Ж
Веалетта;Ж
Веана;Ж
Веанида;Ж
Веанина;Ж
Веденця;Ж
Веджина;Ж
Ведиа;Ж
Ведя;Ж
Велга;Ж
Велда;Ж
Велдзе;Ж
Велентина;Ж
Велесса;Ж
Великалина;Ж
Великанида;Ж
Велина;Ж
Велинулла;Ж
Велионила;Ж
Велита;Ж
Велиула;Ж
Велиулла;Ж
Велиюлла;Ж
Велия;Ж
Велла;Ж
Велора;Ж
Велория;Ж
Велта;Ж
Вельмина;Ж
Вельминора;Ж
Вельмира;Ж
Вельмура;Ж
Вельмуся;Ж
Вельномина;Ж
Вельнура;Ж
Вельта;Ж
Вельця;Ж
Венаида;Ж
Венара;Ж
Венария;Ж
Вената;Ж
Венедетка;Ж
Венедикта;Ж
Венедора;Ж
Венера;Ж
Венеранда;Ж
Венериана;Ж
Вениамина;Ж
Венидора;Ж
Вениконида;Ж
Венина;Ж
Вениолина;Ж
Венира;Ж
Вениранда;Ж
Венислава;Ж
Вения;Ж
Веннора;Ж
Веновия;Ж
Вента;Ж
Вентанина;Ж
Венхвия;Ж
Венцеслава;Ж
Венцислава;Ж
Вера;Ж
Вераварна;Ж
Вераида;Ж
Верана;Ж
Веранда;Ж
Вераника;Ж
Вервара;Ж
Вергения;Ж
Вергилия;Ж
Вергина;Ж
Вергиния;Ж
Вергия;Ж
Вергута;Ж
Вергуша;Ж
Верджина;Ж
Верджиния;Ж
Вердзина;Ж
Веренея;Ж
Верения;Ж
Веренна;Ж
Верита;Ж
Вероника;Ж
Веронина;Ж
Верония;Ж
Веронка;Ж
Веронна;Ж
Веронця;Ж
Вероня;Ж
Верослава;Ж
Верра;Ж
Версавия;Ж
Вертина;Ж
Веселина;Ж
Веселка;Ж
Весерия;Ж
Весила;Ж
Весиля;Ж
Веслава;Ж
Веслана;Ж
Весма;Ж
Весмира;Ж
Весна;Ж
Весняна;Ж
Веста;Ж
Весталия;Ж
Весталла;Ж
Вестлава;Ж
Вета;Ж
Веталина;Ж
Ветана;Ж
Ветанна;Ж
Ветвила;Ж
Ветислава;Ж
Ветка;Ж
Ветлина;Ж
Ветльяна;Ж
Вефросиния;Ж
Вея;Ж
Виалета;Ж
Виалетта;Ж
Виалина;Ж
Виамита;Ж
Вианета;Ж
Вианна;Ж
Виарина;Ж
Вива;Ж
Вивита;Ж
Вивяна;Ж
Вигрина;Ж
Вида;Ж
Видага;Ж
Видана;Ж
Видмила;Ж
Видмилла;Ж
Видрика;Ж
Видутия;Ж
Визбулите;Ж
Визма;Ж
Виивиан;Ж
Виивика;Ж
Виивэ;Ж
Викентия;Ж
Викетория;Ж
Викта;Ж
Викталина;Ж
Виктоиря;Ж
Виктоия;Ж
Виктолина;Ж
Виктора;Ж
Викториа;Ж
Викторина;Ж
Виктория;Ж
Викторияя;Ж
Виктороия;Ж
Викторя;Ж
Вилена;Ж
Виленина;Ж
Вилеонора;Ж
Вилеотта;Ж
Вилимина;Ж
Вилина;Ж
Вилислава;Ж
Вилисса;Ж
Вилита;Ж
Вилиума;Ж
Вилия;Ж
Вилла;Ж
Виллена;Ж
Виллина;Ж
Виллия;Ж
Виллора;Ж
Вилма;Ж
Вилона;Ж
Вильветта;Ж
Вильгейма;Ж
Вильгелемина;Ж
Вильгелина;Ж
Вильгельма;Ж
Вильгельмина;Ж
Вильгельмира;Ж
Вильгема;Ж
Вильгемина;Ж
Вильма;Ж
Вильмара;Ж
Вильмаре;Ж
Вильмаш;Ж
Вильмина;Ж
Вильмуш;Ж
Вильнара;Ж
Вильтельмия;Ж
Вильчельмина;Ж
Вилюта;Ж
Виляра;Ж
Винуэла;Ж
Винета;Ж
Винцентина;Ж
Винценция;Ж
Виоделия;Ж
Виоза;Ж
Виола;Ж
Виоланта;Ж
Виолена;Ж
Виолетта;Ж
Виолина;Ж
Виорелия;Ж
Виорелья;Ж
Виорета;Ж
Виорика;Ж
Виорина;Ж
Виориха;Ж
Виорица;Ж
Виорлетта;Ж
Вира;Ж
Виргиния;Ж
Вирджиния;Ж
Виржина;Ж
Виржиния;Ж
Виринея;Ж
Вирма;Ж
Вирослава;Ж
Вирсава;Ж
Вирсавия;Ж
Вирсана;Ж
Вирсая;Ж
Висса;Ж
Вита;Ж
Виталина;Ж
Виталия;Ж
Витальда;Ж
Витальмария;Ж
Витина;Ж
Витольда;Ж
Витольдия;Ж
Виттория;Ж
Вицентина;Ж
Вия;Ж
Вияна;Ж
Влада;Ж
Владилена;Ж
Владимира;Ж
Владимирне;Ж
Владимирроза;Ж
Владислава;Ж
Владлена;Ж
Владэна;Ж
Власта;Ж
Властелина;Ж
Властилена;Ж
Властилина;Ж
Властимира;Ж
Властислава;Ж
Володарка;Ж
Володимира;Ж
Волонила;Ж
Вольдема;Ж
Вольфия;Ж
Воля;Ж
Ворима;Ж
Ворина;Ж
Всеволода;Ж
Всемила;Ж
Вукосава;Ж
Вулиянка;Ж
Вулыянна;Ж
Вусала;Ж
Вуста;Ж
Вустина;Ж
Вустиня;Ж
Вустия;Ж
Вустыния;Ж
Вустя;Ж
Вуся;Ж
Выборина;Ж
Выдория;Ж
Выналия;Ж
Выржилия;Ж
Выроня;Ж
Выслава;Ж
Выта;Ж
Выя;Ж
Вэла;Ж
Вэя;Ж
Вялима;Ж
Вялымя;Ж
Вясьфия;Ж
Вяфа;Ж
Вяцислава;Ж
Вячелислава;Ж
Вячеслава;Ж
Вячисла;Ж
Гаана;Ж
Габи;Ж
Габиба;Ж
Габибат;Ж
Габида;Ж
Габиэлла;Ж
Габия;Ж
Габриела;Ж
Габриелла;Ж
Габриеля;Ж
Габриила;Ж
Габрилина;Ж
Габрилия;Ж
Габринела;Ж
Габриэла;Ж
Габриэле;Ж
Габриэлла;Ж
Габриэля;Ж
Гавриела;Ж
Гаврилина;Ж
Гавриэла;Ж
Гавриэлла;Ж
Гавриэль;Ж
Гадания;Ж
Гадарина;Ж
Гаджибат;Ж
Гаджибийке;Ж
Гадиля;Ж
Гажар;Ж
Газиза;Ж
Гайана;Ж
Гайда;Ж
Гайналка;Ж
Гайни;Ж
необходимая;Ж
Гайница;Ж
Гайния;Ж
Гайсиния;Ж
Гайсма;Ж
Гакифа;Ж
Гала;Ж
Галадриал;Ж
Галактиона;Ж
Галана;Ж
Галарина;Ж
Галатея;Ж
Галендуха;Ж
Галенна;Ж
Галентина;Ж
Галерея;Ж
Галерина;Ж
Галерия;Ж
Галетина;Ж
Галея;Ж
Галиана;Ж
Галиба;Ж
Галиля;Ж
Галима;Ж
Галимат;Ж
Галина;Ж
Галинка;Ж
Галинтина;Ж
Галиня;Ж
Галисима;Ж
Галия;Ж
Галлетина;Ж
Галлия;Ж
Галмина;Ж
Галниса;Ж
Галния;Ж
Галона;Ж
Галсира;Ж
Галундия;Ж
Галуца;Ж
Галфания;Ж
Галфира;Ж
Галчия;Ж
Галыва;Ж
Галыга;Ж
Галыма;Ж
Галына;Ж
Галь;Ж
Гальбика;Ж
Гальвина;Ж
Гальдиана;Ж
Гальдияна;Ж
Гальзифа;Ж
Гальмира;Ж
Гальмия;Ж
Гальнара;Ж
Гальниса;Ж
Гальнора;Ж
Гальнура;Ж
Гальсара;Ж
Гальсида;Ж
Гальсима;Ж
Гальсина;Ж
Гальсиния;Ж
Гальсиня;Ж
Гальсия;Ж
Гальсура;Ж
Гальфиня;Ж
Гальфрида;Ж
Гальчира;Ж
Галюзя;Ж
Галюся;Ж
Галютина;Ж
Галя;Ж
Галянка;Ж
Гамалина;Ж
Гамара;Ж
Гамая;Ж
Гамбария;Ж
Гамида;Ж
Гамидага;Ж
Гамидала;Ж
Гамиза;Ж
Гамила;Ж
Гамилия;Ж
Гамиля;Ж
Гамина;Ж
Гамира;Ж
Гамлина;Ж
Гамселя;Ж
Гамыла;Ж
Ганания;Ж
Ганга;Ж
Гангалоида;Ж
Гангулита;Ж
Гандвана;Ж
Ганелика;Ж
Ганеля;Ж
Ганефа;Ж
Ганийка;Ж
Ганина;Ж
Ганисия;Ж
Ганисса;Ж
Ганисыя;Ж
Ганися;Ж
Гания;Ж
Ганка;Ж
Ганлина;Ж
Ганна;Ж
Ганнасия;Ж
Ганная;Ж
Ганнуся;Ж
Гановефа;Ж
Ганофета;Ж
Ганриэта;Ж
Ганусия;Ж
Ганыра;Ж
Ганыфа;Ж
Ганыя;Ж
Ганюта;Ж
Ганя;Ж
Ганята;Ж
Гаолина;Ж
Гаоргина;Ж
Гапиханум;Ж
Гапия;Ж
Гапка;Ж
Гарафина;Ж
Гаргония;Ж
Гардана;Ж
Гарета;Ж
Гариета;Ж
Гарита;Ж
Гарифа;Ж
Гарофина;Ж
Гарпена;Ж
Гарпина;Ж
Гарпына;Ж
Гарриан;Ж
Гартензия;Ж
Гаруш;Ж
Гарьяна;Ж
Гасимуха;Ж
Гасия;Ж
Гаскира;Ж
Гатима;Ж
Гаулина;Ж
Гаухар;Ж
бриллиант;Ж
Гаухария;Ж
Гафалина;Ж
Гафизат;Ж
Гафийка;Ж
Гафилия;Ж
Гафина;Ж
Гафира;Ж
Гафиря;Ж
Гафифа;Ж
Гафица;Ж
Гафия;Ж
Гаффа;Ж
Гаффора;Ж
Гафья;Ж
Гая;Ж
Гаяна;Ж
Гаяне;Ж
Гаянна;Ж
Гаянэ;Ж
Гаяр;Ж
Гванца;Ж
Гвиана;Ж
Гвида;Ж
Гдаля;Ж
Гегели;Ж
Гедалья;Ж
Гедвига;Ж
Гедвика;Ж
Гедвина;Ж
Гедвия;Ж
Гедранта;Ж
Гедре;Ж
Гедроина;Ж
Гейя;Ж
Гела;Ж
Гелана;Ж
Гелантина;Ж
Гелгена;Ж
Гелена;Ж
Гелерина;Ж
Гелерия;Ж
Гелета;Ж
Гелефа;Ж
Гелзиря;Ж
Гелзифа;Ж
Гелиана;Ж
Гелианна;Ж
Гелианта;Ж
Гелиантина;Ж
Гелидора;Ж
Гелиона;Ж
Гелира;Ж
Гелиря;Ж
Гелиса;Ж
Гелисина;Ж
Гелита;Ж
Гелия;Ж
Геллеодорина;Ж
Гелона;Ж
Гелсиря;Ж
Гелсия;Ж
Гелфия;Ж
Гельвина;Ж
Гельга;Ж
Гельгеня;Ж
Гельгина;Ж
Гельджайра;Ж
Гельдриетта;Ж
Гельзара;Ж
Гельзифа;Ж
Гельма;Ж
Гельмандина;Ж
Гельмина;Ж
Гельмира;Ж
Гельнара;Ж
Гельнура;Ж
Гельнурия;Ж
Гельнюра;Ж
Гельсария;Ж
Гельсера;Ж
Гельсерия;Ж
Гельсина;Ж
Гельсиня;Ж
Гельсира;Ж
Гельсирия;Ж
Гельсиря;Ж
Гельсия;Ж
Гельсума;Ж
Гельсына;Ж
Гельтруда;Ж
Гельфания;Ж
Гельфирия;Ж
Гельфия;Ж
Гельфура;Ж
Гелюська;Ж
Гелюся;Ж
Гелярия;Ж
Гемалия;Ж
Гемер;Ж
Гемма;Ж
Генавера;Ж
Генаверия;Ж
Генаефа;Ж
Генаида;Ж
Геналя;Ж
Генгриета;Ж
Генгриэтта;Ж
Гендефа;Ж
Гендриетта;Ж
Гендрильетта;Ж
Генеофа;Ж
Генепа;Ж
Генера;Ж
Генерада;Ж
Генерата;Ж
Генерида;Ж
Генерика;Ж
Генеса;Ж
Генеслава;Ж
Генефа;Ж
Гениафа;Ж
Гениефа;Ж
Геника;Ж
Генислава;Ж
Генифа;Ж
Геннадия;Ж
Геннаида;Ж
Геннефа;Ж
Геннуэлла;Ж
Геноарда;Ж
Геновава;Ж
Геновева;Ж
Геноведа;Ж
Геновера;Ж
Геновета;Ж
Геновефа;Ж
Геновифа;Ж
Геногефа;Ж
Геноефа;Ж
Генората;Ж
Генориэта;Ж
Генороида;Ж
Генофера;Ж
Генофефа;Ж
Генофея;Ж
Геноэфа;Ж
Генрида;Ж
Генриета;Ж
Генриетт;Ж
Генриетта;Ж
Генриина;Ж
Генрика;Ж
Генриолета;Ж
Генриста;Ж
Генрита;Ж
Генритта;Ж
Генуська;Ж
Генуэфа;Ж
Генцефа;Ж
Геняора;Ж
Геогина;Ж
Геодозия;Ж
Геонафия;Ж
Геонефа;Ж
Геонея;Ж
Геонридия;Ж
Геонтина;Ж
Георгета;Ж
Георгетта;Ж
Георгина;Ж
Георгиния;Ж
Георгия;Ж
Георигина;Ж
Георина;Ж
Георита;Ж
Геофила;Ж
Геофилия;Ж
Герадия;Ж
Гераида;Ж
Гераина;Ж
Гераиса;Ж
Гераита;Ж
Герайда;Ж
Геральда;Ж
Геральдина;Ж
Герания;Ж
Герасия;Ж
Гервасия;Ж
Гервита;Ж
Гергана;Ж
Гергина;Ж
Герда;Ж
Герина;Ж
Герифа;Ж
Герктруда;Ж
Герлина;Ж
Герлинда;Ж
Германа;Ж
Германина;Ж
Германти;Ж
Герменгилда;Ж
Герменетильда;Ж
Гермила;Ж
Гермина;Ж
Гермиона;Ж
Гермиония;Ж
Героида;Ж
Героима;Ж
Героина;Ж
Героиния;Ж
Героиня;Ж
Героита;Ж
Геролена;Ж
Геронда;Ж
Героника;Ж
Геронима;Ж
Геронина;Ж
Герония;Ж
Героння;Ж
Геронтия;Ж
Героня;Ж
Герселия;Ж
Герта;Ж
Герторина;Ж
Гертруда;Ж
Гертрула;Ж
Гертурга;Ж
Герцена;Ж
Герцианна;Ж
Герцогения;Ж
Геся;Ж
Гета;Ж
Гетаида;Ж
Геталина;Ж
Геталия;Ж
Гетальмина;Ж
Гетариса;Ж
Гетария;Ж
Гетрина;Ж
Гетруда;Ж
Гетта;Ж
Геттруда;Ж
Гетя;Ж
Гея;Ж
Гибида;Ж
Гидаят;Ж
Гизела;Ж
Гизелина;Ж
Гизелия;Ж
Гизелла;Ж
Гизель;Ж
Гизеля;Ж
Гизена;Ж
Гизэля;Ж
Гизяна;Ж
Гиили;Ж
Гиина;Ж
Гилан;Ж
Гилана;Ж
Гилера;Ж
Гилсина;Ж
Гилсиря;Ж
Гильдегорда;Ж
Гильмизия;Ж
Гильминиса;Ж
Гильнара;Ж
Гильсария;Ж
Гильсима;Ж
Гильсина;Ж
Гильсиня;Ж
Гильсира;Ж
Гильфиря;Ж
Гинаида;Ж
Гинесса;Ж
Гинта;Ж
Гинтаре;Ж
Гисана;Ж
Гита;Ж
Гитана;Ж
Гитая;Ж
Гитинай;Ж
Гитине;Ж
Гитинепатимат;Ж
Гия;Ж
Глакерия;Ж
Глара;Ж
Глася;Ж
Глафина;Ж
Глафира;Ж
Глафирия;Ж
Глафия;Ж
Глаша;Ж
Глекерия;Ж
Глена;Ж
Гленда;Ж
Глидия;Ж
Гликарья;Ж
Гликера;Ж
Гликерина;Ж
Гликерия;Ж
Гликерья;Ж
Глира;Ж
Глиса;Ж
Глиферия;Ж
Глицерина;Ж
Глицерия;Ж
Глора;Ж
Глориана;Ж
Глория;Ж
Глофира;Ж
Глукерия;Ж
Глыкерья;Ж
Гныкерия;Ж
Гоар;Ж
Гобия;Ж
Гобриела;Ж
Годель;Ж
Гозель;Ж
Голандина;Ж
Голикерия;Ж
Гольда;Ж
Гольтегря;Ж
Гольфинура;Ж
Гольфиня;Ж
Гонели;Ж
Горгина;Ж
Горгония;Ж
Гордана;Ж
Гордина;Ж
Гордия;Ж
Гореслава;Ж
Горина;Ж
Горислава;Ж
Гория;Ж
Горка;Ж
Горлина;Ж
Гормина;Ж
Горнина;Ж
Горпена;Ж
Горпина;Ж
Горпиния;Ж
Горпуна;Ж
Горпына;Ж
Гортензия;Ж
Градиаска;Ж
Градива;Ж
Градислава;Ж
Гражина;Ж
Гразина;Ж
Граида;Ж
Гранида;Ж
Гранислава;Ж
Гранита;Ж
Грантела;Ж
Графида;Ж
Графина;Ж
Графиния;Ж
Графиня;Ж
Графира;Ж
Графына;Ж
Грациэлла;Ж
Греза;Ж
Грезальда;Ж
Грейс;Ж
Грейта;Ж
Грета;Ж
Греталия;Ж
Гретела;Ж
Гретели;Ж
Гретель;Ж
Гретлана;Ж
Гретта;Ж
Гретте;Ж
Гретхен;Ж
Гретына;Ж
Гретэ;Ж
Грецелия;Ж
Григорета;Ж
Григориана;Ж
Григорина;Ж
Григория;Ж
Григорьяна;Ж
Григрана;Ж
Грижина;Ж
Гризельда;Ж
Гринада;Ж
Гринарета;Ж
Грита;Ж
Гриталия;Ж
Гритана;Ж
Гритта;Ж
Грицелия;Ж
Грицеля;Ж
Грицерия;Ж
Грожина;Ж
Грозденка;Ж
Громика;Ж
Громовица;Ж
Гропина;Ж
Гротензия;Ж
Грофида;Ж
Груна;Ж
Грунислава;Ж
Груния;Ж
Грэта;Ж
Гузаль;Ж
Гуварша;Ж
Гудрите;Ж
Гузалья;Ж
Гузелия;Ж
Гузель;Ж
Гузэлия;Ж
Гузялия;Ж
Гузяль;Ж
Гуизия;Ж
Гулаим;Ж
Гулаймат;Ж
Гулангерек;Ж
Гулбарият;Ж
Гулджахан;Ж
Гулейзат;Ж
Гулеймат;Ж
Гулерханум;Ж
Гулжанат;Ж
Гулькай;Ж
цветок;Ж
Гуйнара;Ж
Гуливера;Ж
Гулижат;Ж
Гулизар;Ж
Гулизара;Ж
Гулистан;Ж
Гулишат;Ж
Гулия;Ж
Гулияр;Ж
Гулла;Ж
Гулминат;Ж
Гулньара;Ж
Гулшод;Ж
Гульара;Ж
Гульаят;Ж
Гульбанда;Ж
Гульбарият;Ж
Гульбике;Ж
Гульбича;Ж
Гульганият;Ж
Гульдана;Ж
Гульдаста;Ж
Гульдбазир;Ж
Гульджамиля;Ж
Гульдже;Ж
Гульджемиля;Ж
Гульжаган;Ж
Гульжаминат;Ж
Гульжана;Ж
Гульжанат;Ж
Гульжахан;Ж
Гульжиан;Ж
Гульжиган;Ж
Гульжия;Ж
Гульжиян;Ж
Гульзар;Ж
Гульзара;Ж
Гульзарият;Ж
Гульмина;Ж
Гульминика;Ж
Гульмира;Ж
Гульмират;Ж
Гульназ;Ж
Гульназа;Ж
Гульназира;Ж
Гульнар;Ж
Гульнара;Ж
Гульнур;Ж
Гульнура;Ж
Гульнурия;Ж
Гульсара;Ж
Гульсина;Ж
Гульсенем;Ж
Гультамара;Ж
Гульфера;Ж
Гульфиза;Ж
Гульфина;Ж
Гульфизя;Ж
Гульфира;Ж
Гульфиря;Ж
Гульфия;Ж
Гульханум;Ж
Гульчохра;Ж
Гульшан;Ж
Гульшат;Ж
Гульшайыр;Ж
Гульяна;Ж
Гульянат;Ж
Гульяр;Ж
Гуляйбат;Ж
Гуляймат;Ж
Гумай;Ж
Гумайдат;Ж
Гумаржа;Ж
Гумаржан;Ж
Гумаюн;Ж
Гуна;Ж
Гунай;Ж
Гунала;Ж
Гунда;Ж
Гундаста;Ж
Гундега;Ж
Гунель;Ж
Гунера;Ж
Гунефа;Ж
Гунзода;Ж
Гунита;Ж
Гунта;Ж
Гунтра;Ж
Гури;Ж
Гурижат;Ж
Гуризат;Ж
Гуримат;Ж
Гурипери;Ж
Гурия;Ж
Гурият;Ж
Гурубича;Ж
Гьажибийке;Ж
Гьанипат;Ж
Густава;Ж
Густе;Ж
Гухарша;Ж
Гызылгюль;Ж
Гюзалия;Ж
Гюзел;Ж
Гюзелага;Ж
Гюзелия;Ж
Гюзель;Ж
Гюзэль;Ж
Гюзяль;Ж
Гюльалек;Ж
Гюльбабек;Ж
Гюльбика;Ж
Гюльдесте;Ж
Гюлара;Ж
Гюлгез;Ж
Гюлжанат;Ж
Гюллер;Ж
Гюлли;Ж
Гюлнара;Ж
Гюлсенем;Ж
Гюльджан;Ж
Гюльджана;Ж
Гюльжаннат;Ж
Гюльжахан;Ж
Гюльженнет;Ж
Гюльзада;Ж
Гюльмира;Ж
Гюльназ;Ж
Гюльнара;Ж
Гюльнарат;Ж
Гюльпери;Ж
Гюльсара;Ж
Гюльситаре;Ж
Гюльхара;Ж
Гюльчара;Ж
Гюльчевра;Ж
Гюльчира;Ж
Гюльчитай;Ж
Гюльчохра;Ж
Гюльшаар;Ж
Гюльшура;Ж
Гюлюсюм;Ж
Гюнай;Ж
Гюнель;Ж
Гюрикиз;Ж
Даана;Ж
Давендра;Ж
Давида;Ж
Давидия;Ж
Давила;Ж
Давия;Ж
Давлетта;Ж
Давникия;Ж
Давора;Ж
Даврина;Ж
Дагила;Ж
Дагия;Ж
Дагият;Ж
Дагмар;Ж
Дагмара;Ж
Дагне;Ж
Дагния;Ж
Дада;Ж
Дадашбала;Ж
Дадья;Ж
Даздраперма;Ж
Даземира;Ж
Дазимира;Ж
Дазмира;Ж
Даиза;Ж
Даима;Ж
Даина;Ж
Даиника;Ж
Даиния;Ж
Даиса;Ж
Даисия;Ж
Дайана;Ж
Дайбат;Ж
Дайва;Ж
Дайвина;Ж
Дайга;Ж
Дайганат;Ж
Дайла;Ж
Дайна;Ж
Дайнапика;Ж
Дайнида;Ж
Дайнувите;Ж
Дайра;Ж
Дайтуна;Ж
Далал;Ж
Далале;Ж
Далареса;Ж
Дали;Ж
Далида;Ж
Далидия;Ж
Далила;Ж
Далиния;Ж
Далира;Ж
Далия;Ж
Дальбара;Ж
Дальва;Ж
Дальвина;Ж
Дальмина;Ж
Дальмира;Ж
Дальмыра;Ж
Дальфина;Ж
Далья;Ж
Даля;Ж
Даляль;Ж
Даляна;Ж
Дамара;Ж
Дамаянти;Ж
Дамели;Ж
Дамелия;Ж
Дамеля;Ж
Дамиана;Ж
Дамикия;Ж
Дамиля;Ж
Даминикия;Ж
Дамира;Ж
Дамицелия;Ж
Дамника;Ж
Дамникия;Ж
Дана;Ж
Данавия;Ж
Данада;Ж
Данаида;Ж
Данаила;Ж
Данара;Ж
Данаслава;Ж
Даната;Ж
Даная;Ж
Дангина;Ж
Данеила;Ж
Данелина;Ж
Данелия;Ж
Данелла;Ж
Данеля;Ж
Данера;Ж
Данета;Ж
Данетта;Ж
Даниана;Ж
Данида;Ж
Даниела;Ж
Даниелла;Ж
Даниеля;Ж
Данизия;Ж
Даниида;Ж
Даниила;Ж
Даника;Ж
Даникия;Ж
Данилила;Ж
Данилина;Ж
Данилия;Ж
Данилла;Ж
Даниля;Ж
Данина;Ж
Данира;Ж
Даниря;Ж
Даниса;Ж
Данисия;Ж
Данислава;Ж
Данися;Ж
Данита;Ж
Данитла;Ж
Даницелия;Ж
Даниэла;Ж
Даниэлия;Ж
Даниэлла;Ж
Дания;Ж
Данияна;Ж
Даният;Ж
Данка;Ж
Данна;Ж
Даннела;Ж
Дановия;Ж
Данория;Ж
Дантела;Ж
Дантина;Ж
Дантиса;Ж
Дануила;Ж
Данусия;Ж
Дануслава;Ж
Дануська;Ж
Дануся;Ж
Данута;Ж
Дануте;Ж
Данутя;Ж
Дануца;Ж
Дануэла;Ж
Дануэта;Ж
Данья;Ж
Данюта;Ж
Данянка;Ж
Дара;Ж
Даражат;Ж
Дараида;Ж
Дарана;Ж
Дарвина;Ж
Дарвя;Ж
Дарежана;Ж
Дарена;Ж
Дарёна;Ж
Дарианна;Ж
Дарига;Ж
Дарида;Ж
Дариджана;Ж
Дарилана;Ж
Дарима;Ж
Дарина;Ж
Дариния;Ж
Дарира;Ж
Дариса;Ж
Дарита;Ж
Дария;Ж
Дармендра;Ж
Дарта;Ж
Дартаньяна;Ж
Даруня;Ж
Даруся;Ж
Даруца;Ж
Дарьета;Ж
Дарья;Ж
Дарьяна;Ж
Дасия;Ж
Дасмела;Ж
Дася;Ж
Дата;Ж
Датуна;Ж
Дауда;Ж
Даужия;Ж
Даурия;Ж
Дауя;Ж
Дафалла;Ж
Дафина;Ж
Дафна;Ж
Дафниса;Ж
Дафния;Ж
Дафуса;Ж
Дахия;Ж
Даце;Ж
Дацэ;Ж
Даша;Ж
Дая;Ж
Даяна;Ж
Двайра;Ж
Дварика;Ж
Двейра;Ж
Двирдь;Ж
Двойня;Ж
Двордь;Ж
Двося;Ж
Деалина;Ж
Деанна;Ж
Дебабрата;Ж
Дебора;Ж
Дебра;Ж
Деваки;Ж
Девгерия;Ж
Девендра;Ж
Девиза;Ж
Девина;Ж
Девлетгыз;Ж
Девониза;Ж
Девонисия;Ж
Девора;Ж
Деврония;Ж
Дегмара;Ж
Деза;Ж
Дездемона;Ж
Дезидора;Ж
Дезина;Ж
Дезомония;Ж
Дейля;Ж
Дейспина;Ж
Дейя;Ж
Декабрина;Ж
Декабриста;Ж
Декастрина;Ж
Делера;Ж
Делика;Ж
Делина;Ж
Делита;Ж
Делифина;Ж
Делия;Ж
Делляра;Ж
Делора;Ж
Дельбара;Ж
Дельвина;Ж
Дельдария;Ж
Дельдора;Ж
Дельноза;Ж
Дельта;Ж
Дельфиза;Ж
Дельфила;Ж
Дельфина;Ж
Дельция;Ж
Деля;Ж
Деляра;Ж
Демаркация;Ж
Демвара;Ж
Деметра;Ж
Демида;Ж
Демидора;Ж
Деминда;Ж
Демира;Ж
Деммира;Ж
Демна;Ж
Демникия;Ж
Демура;Ж
Демьяна;Ж
Демяна;Ж
Денаида;Ж
Денди;Ж
Дендика;Ж
Дендия;Ж
Денеза;Ж
Денесса;Ж
Дензиля;Ж
Дениза;Ж
Дениса;Ж
Денисия;Ж
Денислава;Ж
Дения;Ж
Денна;Ж
Денниця;Ж
Денора;Ж
Денуца;Ж
Деня;Ж
Деодезия;Ж
Деодина;Ж
Деодозия;Ж
Деолета;Ж
Деолина;Ж
Деонезия;Ж
Деонефа;Ж
Деонида;Ж
Деониза;Ж
Деонизия;Ж
Деоника;Ж
Деонисия;Ж
Деонозия;Ж
Деордета;Ж
Деордина;Ж
Дереника;Ж
Дересса;Ж
Дерияханум;Ж
Дермендера;Ж
Дерпина;Ж
Десанка;Ж
Десислава;Ж
Деслина;Ж
Деснина;Ж
Деспина;Ж
Деспинда;Ж
Деспиния;Ж
Десте;Ж
Детона;Ж
Дефрония;Ж
Дея;Ж
Деянира;Ж
Джаана;Ж
Джаваги;Ж
Джавагир;Ж
Джаварханум;Ж
Джавахиль;Ж
Джавган;Ж
Джавгарат;Ж
Джавида;Ж
Джавният;Ж
Джаврия;Ж
Джаврият;Ж
Джадана;Ж
Джаданна;Ж
Джади;Ж
Джазиана;Ж
Джаина;Ж
Джалиля;Ж
Джалина;Ж
Джалита;Ж
Джамаля;Ж
Джамеля;Ж
Джамила;Ж
Джамилат;Ж
Джамилия;Ж
Джамилла;Ж
Джамиля;Ж
Джамилят;Ж
Джамина;Ж
Джаминат;Ж
Джамполая;Ж
Джанан;Ж
Джангюль;Ж
Джанет;Ж
Джанета;Ж
Джанетта;Ж
Джанита;Ж
Джаният;Ж
Джанка;Ж
Джанлука;Ж
Джанна;Ж
Джанная;Ж
Джаннат;Ж
Джаннета;Ж
Джаннетта;Ж
Джаннина;Ж
Джансият;Ж
Джанти;Ж
Джарият;Ж
Джасмина;Ж
Джахан;Ж
Джахбат;Ж
Джеванета;Ж
Джеврия;Ж
Джежей;Ж
Джейн;Ж
Джейнара;Ж
Джейра;Ж
Джейран;Ж
Джейхуна;Ж
Джельсамина;Ж
Джеля;Ж
Джема;Ж
Джемал;Ж
Джемиле;Ж
Джемлика;Ж
Джемпира;Ж
Джена;Ж
Дженев;Ж
Дженет;Ж
Дженетей;Ж
Дженетта;Ж
Дженифер;Ж
Дженна;Ж
Дженнет;Ж
Дженнета;Ж
Джерен;Ж
Джеси;Ж
Джесика;Ж
Джесси;Ж
Джессика;Ж
Джета;Ж
Джетта;Ж
Джефжета;Ж
Джильда;Ж
Джима;Ж
Джина;Ж
царица;Ж
Джиргала;Ж
Джихане;Ж
Джоан;Ж
Джоана;Ж
Джованиела;Ж
Джованна;Ж
Джозефина;Ж
Джоина;Ж
Джоймалина;Ж
Джона;Ж
Джонелля;Ж
Джонета;Ж
Джонетта;Ж
Джонна;Ж
Джорджетта;Ж
Джоржета;Ж
Джоржетта;Ж
Джуана;Ж
Джуанна;Ж
Джубинднра;Ж
Джувайрат;Ж
Джувария;Ж
Джуварият;Ж
Джудит;Ж
Джулета;Ж
Джулетиа;Ж
Джулетта;Ж
Джулиана;Ж
Джулиета;Ж
Джулиста;Ж
Джулия;Ж
Джуллета;Ж
Джульета;Ж
Джульетта;Ж
Джульяна;Ж
Джума;Ж
Джумагозель;Ж
Джумагюль;Ж
Джумай;Ж
Джумалай;Ж
Дзвенимыра;Ж
Дзвенислава;Ж
Дзвенислана;Ж
Дзвина;Ж
Дзвинислава;Ж
Дзвинка;Ж
Дзвиномира;Ж
Дзелде;Ж
Дзелме;Ж
Дземфира;Ж
Дзерасса;Ж
Дзидра;Ж
Дзиедра;Ж
Дзиле;Ж
Дзинта;Ж
Дзинтара;Ж
Дзинтра;Ж
Дзиркстите;Ж
Дзюна;Ж
Дзюния;Ж
Дзюня;Ж
Дзядзя;Ж
Диавита;Ж
Диадина;Ж
Диамара;Ж
Диана;Ж
Дианала;Ж
Дианера;Ж
Дианида;Ж
Дианина;Ж
Дианисия;Ж
Дианна;Ж
Диантина;Ж
Дибора;Ж
Дива;Ж
Дивна;Ж
Дивонизия;Ж
Дивора;Ж
Диврона;Ж
Дивья;Ж
Дигелина;Ж
Дигна;Ж
Дидайда;Ж
Дидина;Ж
Дидия;Ж
Дидона;Ж
Дидра;Ж
Диена;Ж
Диера;Ж
Дизалия;Ж
Дизелия;Ж
Дизеля;Ж
Дизиэт;Ж
Диклида;Ж
Дилаида;Ж
Дилара;Ж
Дилмана;Ж
Дилона;Ж
Дилора;Ж
Дильбар;Ж
Дильбара;Ж
Дильбер;Ж
Дильбера;Ж
Дильдора;Ж
Дильназ;Ж
Дильназа;Ж
Дильнара;Ж
Дильноза;Ж
Дильруба;Ж
Дильфуза;Ж
Дилюза;Ж
Диля;Ж
Дилявера;Ж
Диляна;Ж
Диляра;Ж
Дилярам;Ж
Диляре;Ж
Диляфруз;Ж
Диляфруза;Ж
Диляфрус;Ж
Диляфуруз;Ж
Диминика;Ж
Димитра;Ж
Димитрина;Ж
Димитрияна;Ж
Дина;Ж
Динада;Ж
Динадия;Ж
Динаида;Ж
Динара;Ж
Динариса;Ж
Динария;Ж
Династия;Ж
Диния;Ж
Динора;Ж
Динэлла;Ж
Динэль;Ж
Динэфа;Ж
Диовла;Ж
Диодеза;Ж
Диодина;Ж
Диозия;Ж
Диоклетиана;Ж
Диола;Ж
Диолина;Ж
Диомара;Ж
Дионеза;Ж
Дионефа;Ж
Дионида;Ж
Диониза;Ж
Дионизия;Ж
Дионила;Ж
Дионилия;Ж
Диониса;Ж
Дионисия;Ж
Диора;Ж
Дипендра;Ж
Дипяра;Ж
Дирдь;Ж
Дисана;Ж
Дита;Ж
Дия;Ж
Дияна;Ж
Дияра;Ж
Дмитра;Ж
Дмитрана;Ж
Дмитрина;Ж
Дмитрия;Ж
Днелия;Ж
Добрина;Ж
Добринка;Ж
Добромила;Ж
Доброслава;Ж
Добруся;Ж
Довилия;Ж
Догмара;Ж
Дозалия;Ж
Доздраперма;Ж
Дозина;Ж
Дойна;Ж
Докина;Ж
Докиния;Ж
Доларесса;Ж
Долариса;Ж
Долена;Ж
Доленика;Ж
Доленикия;Ж
Доления;Ж
Долилла;Ж
Долина;Ж
Долиникия;Ж
Долинка;Ж
Доллантина;Ж
Доллореса;Ж
Долорес;Ж
Долори;Ж
Домильцеля;Ж
Доминиела;Ж
Доминика;Ж
Доминисия;Ж
Доминиценя;Ж
Доммикия;Ж
Домна;Ж
Домника;Ж
Домникина;Ж
Домникия;Ж
Домницелия;Ж
Домницеля;Ж
Дональда;Ж
Донара;Ж
Донария;Ж
Дониан;Ж
Донизия;Ж
Доора;Ж
Дора;Ж
Доратея;Ж
Доремила;Ж
Дорена;Ж
Дориана;Ж
Дорианна;Ж
Дорида;Ж
Дорика;Ж
Дорико;Ж
Дорина;Ж
Дориона;Ж
Дорис;Ж
Дориса;Ж
Дорица;Ж
Дориш;Ж
Дория;Ж
Дорияна;Ж
Дорота;Ж
Доротеа;Ж
Доротея;Ж
Дороти;Ж
Доротта;Ж
Дороття;Ж
Доротя;Ж
Дорофа;Ж
Дорофея;Ж
Дорофия;Ж
Дорра;Ж
Дорхия;Ж
Дорця;Ж
Дорья;Ж
Досина;Ж
Драгомира;Ж
Драгослава;Ж
Драгостина;Ж
Драгостица;Ж
Драженка;Ж
Дросида;Ж
Дросма;Ж
Друся;Ж
Дубравка;Ж
Дульсиния;Ж
Дульяназ;Ж
Думиника;Ж
Думитра;Ж
Думицения;Ж
Думрия;Ж
Дунута;Ж
Дуня;Ж
Дуняханум;Ж
Дурдона;Ж
Дурия;Ж
Дурсун;Ж
Дусейна;Ж
Дуся;Ж
Дыльфуза;Ж
Дырдь;Ж
Дырея;Ж
Дьордия;Ж
Дэбора;Ж
Дэлия;Ж
Дэлла;Ж
Дэллия;Ж
Дэльфиня;Ж
Дэляра;Ж
Дэниз;Ж
Дэя;Ж
Дюлбер;Ж
Дюлла;Ж
Дюрли;Ж
Дюся;Ж
Дяляра;Ж
Дяна;Ж
Дярия;Ж
Дярья;Ж
Еалла;Ж
Ева;Ж
Еваджелина;Ж
Евалета;Ж
Евалина;Ж
Евалия;Ж
Евамия;Ж
Евангелида;Ж
Евангелина;Ж
Евангелита;Ж
Евангелия;Ж
Еванджелина;Ж
Еванжелина;Ж
Еванжерина;Ж
Евания;Ж
Евантелина;Ж
Еванфия;Ж
Евгания;Ж
Евгасия;Ж
Евгаська;Ж
Евгеления;Ж
Евгемия;Ж
Евгена;Ж
Евгенина;Ж
Евгения;Ж
Евгенна;Ж
Евгенья;Ж
Евгеня;Ж
Евгина;Ж
Евгиния;Ж
Евгия;Ж
Евгния;Ж
Евгнния;Ж
Евгослава;Ж
Евграфена;Ж
Евграфина;Ж
Евграфиния;Ж
Евгуния;Ж
Евдакия;Ж
Евдания;Ж
Евдения;Ж
Евдикия;Ж
Евдиния;Ж
Евдинья;Ж
Евдия;Ж
Евдокина;Ж
Евдокия;Ж
Евдокияна;Ж
Евдоксия;Ж
Евдоктия;Ж
Евдония;Ж
Евдосиния;Ж
Евдосия;Ж
Евдотия;Ж
Евдоха;Ж
Евдохия;Ж
Евека;Ж
Евекния;Ж
Евелина;Ж
Евения;Ж
Евентина;Ж
Евепина;Ж
Еветалия;Ж
Еветана;Ж
Евжена;Ж
Евжения;Ж
Евзебия;Ж
Евзивия;Ж
Евзония;Ж
Евилина;Ж
Евилия;Ж
Евиния;Ж
Евираксия;Ж
Евкилия;Ж
Евкодия;Ж
Евлагия;Ж
Евлалия;Ж
Евламгия;Ж
Евламия;Ж
Евламния;Ж
Евлампиада;Ж
Евлампия;Ж
Евлана;Ж
Евлания;Ж
Евланка;Ж
Евланпия;Ж
Евлапия;Ж
Евлелина;Ж
Евления;Ж
Евлизавета;Ж
Евлина;Ж
Евлинья;Ж
Евловия;Ж
Евлокия;Ж
Евлялия;Ж
Евмилия;Ж
Евнгения;Ж
Евнегия;Ж
Евнения;Ж
Евника;Ж
Еволита;Ж
Еворалия;Ж
Еворика;Ж
Евория;Ж
Евпраксинья;Ж
Евпраксия;Ж
Евразия;Ж
Евраксия;Ж
Еврасиния;Ж
Еврасинья;Ж
Еврения;Ж
Еврозина;Ж
Еврокия;Ж
Еврония;Ж
Европия;Ж
Евросиния;Ж
Евросинья;Ж
Еврузия;Ж
Евселия;Ж
Евсения;Ж
Евсеня;Ж
Евстакия;Ж
Евсталина;Ж
Евсталия;Ж
Евстания;Ж
Евстапия;Ж
Евстасия;Ж
Евстафия;Ж
Евстафья;Ж
Евстахия;Ж
Евстимия;Ж
Евстина;Ж
Евстиния;Ж
Евстолия;Ж
Евстолья;Ж
Евстомея;Ж
Евстомия;Ж
Евстония;Ж
Евстория;Ж
Евстохия;Ж
Евтахия;Ж
Евтения;Ж
Евтолия;Ж
Евтропия;Ж
Евтрудия;Ж
Евфалия;Ж
Евфания;Ж
Евфапия;Ж
Евфелия;Ж
Евфемия;Ж
Евфения;Ж
Евфилия;Ж
Евфимия;Ж
Евфиния;Ж
Евфисмия;Ж
Евфлагия;Ж
Евфозина;Ж
Евфраксиния;Ж
Евфраксия;Ж
Евфрасиния;Ж
Евфрасинья;Ж
Евфримия;Ж
Евфрисиния;Ж
Евфрозания;Ж
Евфрозилия;Ж
Евфрозина;Ж
Евфрозиния;Ж
Евфрония;Ж
Евфросина;Ж
Евфросиния;Ж
Евфросинья;Ж
Евфросиня;Ж
Евфросия;Ж
Евфрузина;Ж
Евфрузиния;Ж
Евфрусиния;Ж
Евхимия;Ж
Евхросинья;Ж
Евэлина;Ж
Егана;Ж
Егита;Ж
Еглона;Ж
Егория;Ж
Еграфина;Ж
Едвига;Ж
Едвиля;Ж
Еджана;Ж
Едизавета;Ж
Едита;Ж
Едмила;Ж
Едокия;Ж
Едоксия;Ж
Едуарда;Ж
Едьвига;Ж
Ежина;Ж
Ежмералда;Ж
Ездундока;Ж
Еильвия;Ж
Екапеталина;Ж
Екапитолина;Ж
Екарина;Ж
Екатарина;Ж
Екатерина;Ж
Екатеринакатери;Ж
Екатеринослава;Ж
Екатетина;Ж
Екатирина;Ж
Екатрина;Ж
Екилина;Ж
Екиралина;Ж
Екулина;Ж
Ела;Ж
Елада;Ж
Еладия;Ж
Елазавета;Ж
Елазевета;Ж
Елампиада;Ж
Елана;Ж
Елбала;Ж
Елбиа;Ж
Елвига;Ж
Елвира;Ж
Елгуджа;Ж
Елевферия;Ж
Ележбета;Ж
Ележбиня;Ж
Елезавета;Ж
Елезовета;Ж
Елекомида;Ж
Електрина;Ж
Елемпия;Ж
Елена;Ж
Еленала;Ж
Еленианора;Ж
Елеокадия;Ж
Елеонора;Ж
Елестимия;Ж
Елестиния;Ж
Елза;Ж
Елзавета;Ж
Елиана;Ж
Еливанида;Ж
Еливета;Ж
Елижбета;Ж
Елиза;Ж
Елизаавета;Ж
Елизабет;Ж
Елизабета;Ж
Елизава;Ж
Елизавента;Ж
Елизавет;Ж
Елизавета;Ж
Елизаветта;Ж
Елизавита;Ж
Елизата;Ж
Елизевета;Ж
Елизиавета;Ж
Елизовета;Ж
Еликанда;Ж
Еликанида;Ж
Еликонида;Ж
Елилия;Ж
Елимзавета;Ж
Елина;Ж
Елиокея;Ж
Елионида;Ж
Елионора;Ж
Елиса;Ж
Елисабета;Ж
Елисавата;Ж
Елисавета;Ж
Елисевета;Ж
Елисовета;Ж
Елистилина;Ж
Елистина;Ж
Елистиния;Ж
Елиэовета;Ж
Елла;Ж
Елладия;Ж
Еллана;Ж
Еллера;Ж
Еллизавета;Ж
Еллиса;Ж
Еллита;Ж
Еллия;Ж
Елоконида;Ж
Елона;Ж
Елосовета;Ж
Елфрида;Ж
Елывета;Ж
Ельбиса;Ж
Ельвана;Ж
Ельвара;Ж
Ельвида;Ж
Ельвира;Ж
Ельканида;Ж
Ельмира;Ж
Ельмирина;Ж
Ельнара;Ж
Ельнида;Ж
Ельфимия;Ж
Ельфрида;Ж
Еля;Ж
Еляна;Ж
Емаида;Ж
Емалия;Ж
Емануель;Ж
Емануеля;Ж
Емелина;Ж
Емелия;Ж
Емельяна;Ж
Емельяния;Ж
Емеляна;Ж
Емилена;Ж
Емилина;Ж
Емилия;Ж
Емилияна;Ж
Емильяна;Ж
Еминат;Ж
Емлания;Ж
Еммаида;Ж
Еммальда;Ж
Еммануэль;Ж
Еммилия;Ж
Емуавета;Ж
Емуанта;Ж
Емфалия;Ж
Ената;Ж
Енаталя;Ж
Енафья;Ж
Енгелина;Ж
Енеида;Ж
Енелиса;Ж
Енелия;Ж
Енелля;Ж
Енеля;Ж
Енилина;Ж
Енилия;Ж
Енина;Ж
Ениня;Ж
Ениса;Ж
Енисия;Ж
Енистимия;Ж
Енистиния;Ж
Енита;Ж
Еннадия;Ж
Ента;Ж
Еофрозиния;Ж
Еофросиния;Ж
Епавлина;Ж
Епасима;Ж
Епастения;Ж
Епестения;Ж
Епестилия;Ж
Епестимия;Ж
Епестина;Ж
Епестиния;Ж
Еписимия;Ж
Епистемия;Ж
Епистила;Ж
Епистилия;Ж
Епистима;Ж
Епистимея;Ж
Епистимия;Ж
Епистимня;Ж
Епистина;Ж
Епистинея;Ж
Епистиния;Ж
Епистинья;Ж
Епистымня;Ж
Епистыния;Ж
Епифания;Ж
Еполония;Ж
Епраксия;Ж
Еприсиния;Ж
Еразика;Ж
Ерануги;Ж
Ергена;Ж
Ергения;Ж
Ердокия;Ж
Ерена;Ж
Ержбета;Ж
Ержейбет;Ж
Ержийбета;Ж
Еридента;Ж
Ерика;Ж
Еримия;Ж
Ернестина;Ж
Еронила;Ж
Еросиния;Ж
Ерослава;Ж
Еротеида;Ж
Еротиада;Ж
Еротиида;Ж
Есения;Ж
Есисавета;Ж
Есита;Ж
Есмила;Ж
Есмира;Ж
Есмиральда;Ж
Естер;Ж
Естера;Ж
Естима;Ж
Естипания;Ж
Етелина;Ж
Етелка;Ж
Етелла;Ж
Етестемия;Ж
Ететяна;Ж
Еужения;Ж
Еужиния;Ж
Еулита;Ж
Еупфелия;Ж
Еустация;Ж
Еустина;Ж
Еустиния;Ж
Еуфемия;Ж
Еуфимия;Ж
Еуфиния;Ж
Еуфозина;Ж
Еуфрозена;Ж
Еуфрозина;Ж
Еуфросина;Ж
Еуфросиния;Ж
Еуфросиня;Ж
Еуфрузина;Ж
Еуфтимия;Ж
Еуфтиния;Ж
Ефалиния;Ж
Ефалья;Ж
Ефангина;Ж
Ефгения;Ж
Ефдокия;Ж
Ефдосиния;Ж
Ефелина;Ж
Еферимия;Ж
Ефимилия;Ж
Ефимия;Ж
Ефимья;Ж
Ефлосиния;Ж
Ефоксинья;Ж
Ефосиния;Ж
Ефосинья;Ж
Ефрасения;Ж
Ефрасиния;Ж
Ефрасинья;Ж
Ефрасия;Ж
Ефрелена;Ж
Ефремия;Ж
Ефрима;Ж
Ефримия;Ж
Ефрисиния;Ж
Ефровинья;Ж
Ефрозима;Ж
Ефрозина;Ж
Ефроксинья;Ж
Ефрония;Ж
Ефросения;Ж
Ефросенья;Ж
Ефросилия;Ж
Ефросима;Ж
Ефросимия;Ж
Ефросимья;Ж
Ефросина;Ж
Ефросининья;Ж
Ефросининя;Ж
Ефросиния;Ж
Ефросинния;Ж
Ефросиння;Ж
Ефросинсия;Ж
Ефросинья;Ж
Ефросиня;Ж
Ефросипия;Ж
Ефросирия;Ж
Ефросирья;Ж
Ефросия;Ж
Ефросния;Ж
Ефросыяния;Ж
Ефрофиния;Ж
Ефрошния;Ж
Ефтемия;Ж
Ефтений;Ж
Ефтения;Ж
Ефтима;Ж
Ефтимия;Ж
Ефтина;Ж
Ефтиния;Ж
Ефтинка;Ж
Ефтузиния;Ж
Еффалия;Ж
Еффимия;Ж
Ехида;Ж
единственная;Ж
Жаваги;Ж
Жавахир;Ж
Жавгар;Ж
Жавгарат;Ж
Жаврия;Ж
Жади;Ж
Жадида;Ж
Жадмила;Ж
Жадра;Ж
Жазира;Ж
Жакалина;Ж
Жаклин;Ж
Жаклина;Ж
Жалдуз;Ж
Жалимат;Ж
Жалмира;Ж
Жаля;Ж
Жамилат;Ж
Жамилия;Ж
Жамиля;Ж
Жана;Ж
Жанадил;Ж
Жангелина;Ж
Жанелия;Ж
Жанель;Ж
Жанеля;Ж
Жанеса;Ж
Жанет;Ж
Жанета;Ж
Жанетт;Ж
Жанетта;Ж
Жаниета;Ж
Жаниетта;Ж
Жания;Ж
Жанлена;Ж
Жанлина;Ж
Жанна;Ж
Жаннат;Ж
Жанната;Ж
Жаннет;Ж
Жаннета;Ж
Жаннетта;Ж
Жаннэта;Ж
Жаннэтта;Ж
Жанрета;Ж
Жанриета;Ж
Жанриэта;Ж
Жанриэтта;Ж
Жансая;Ж
Жаньетта;Ж
Жанэта;Ж
Жанэтта;Ж
Жаржетта;Ж
Жарият;Ж
Жармена;Ж
Жарменна;Ж
Жасмин;Ж
Жасмина;Ж
Жасминиана;Ж
Жаугория;Ж
Жаугярия;Ж
Ждамиля;Ж
Ждана;Ж
Жежина;Ж
Жезель;Ж
Жезефина;Ж
Жезофина;Ж
Желанна;Ж
Жельвира;Ж
Жемалия;Ж
Жемила;Ж
Жемиля;Ж
Жемира;Ж
Жемирра;Ж
Женаида;Ж
Женев;Ж
Женева;Ж
Женевра;Ж
Женевьева;Ж
Женелия;Ж
Женета;Ж
Женетта;Ж
Жени;Ж
Женика;Ж
Женита;Ж
Женитта;Ж
Жения;Ж
Женна;Ж
Женнет;Ж
Женнета;Ж
Женнетта;Ж
Женни;Ж
Ження;Ж
Женовева;Ж
Женоида;Ж
Женуария;Ж
Женя;Ж
Жеоржета;Ж
Жеоржетта;Ж
Жержета;Ж
Жержеття;Ж
Жержина;Ж
Жермена;Ж
Жермина;Ж
Жерона;Ж
Жеря;Ж
Жесмина;Ж
Жианета;Ж
Жибек;Ж
Жигания;Ж
Жигмона;Ж
Жидегуль;Ж
Жизель;Ж
Жима;Ж
Жирмена;Ж
Жоанеса;Ж
Жожия;Ж
Жозанна;Ж
Жозефа;Ж
Жозефина;Ж
Жокадия;Ж
Жонета;Ж
Жонетта;Ж
Жоржета;Ж
Жоржетта;Ж
Жоржика;Ж
Жоржина;Ж
Жосефа;Ж
Жософина;Ж
Жуана;Ж
Жуанитта;Ж
Жуанна;Ж
Жубарзат;Ж
Жубите;Ж
Жугайна;Ж
Жужана;Ж
Жужанна;Ж
Жужжана;Ж
Жужина;Ж
Жужия;Ж
Жужмана;Ж
Жужуана;Ж
Жужуна;Ж
Жужунна;Ж
Жузана;Ж
Жулдыз;Ж
Журсиной;Ж
Жулета;Ж
Жулиана;Ж
Жулетта;Ж
Жульета;Ж
Жульетта;Ж
Жулья;Ж
Жумакуль;Ж
Жюльен;Ж
Жюльетта;Ж
Жюстина;Ж
Забава;Ж
Забела;Ж
Забелина;Ж
Забелла;Ж
Забеля;Ж
Забида;Ж
Забиолла;Ж
Забира;Ж
Забират;Ж
Забиря;Ж
Забия;Ж
Завра;Ж
Загария;Ж
Загидат;Ж
Загират;Ж
Загра;Ж
Заграт;Ж
Зада;Ж
Заза;Ж
Зазабича;Ж
Зазав;Ж
Заида;Ж
Заидат;Ж
Заина;Ж
Заира;Ж
Заират;Ж
Зайбат;Ж
Зайга;Ж
Зайгуна;Ж
Зайда;Ж
Займуна;Ж
Зайнаб;Ж
Зайнап;Ж
Зайтина;Ж
Зайтуна;Ж
Зайтунат;Ж
Закия;Ж
Залдуза;Ж
Залезиля;Ж
Залида;Ж
Залиля;Ж
Залина;Ж
Залита;Ж
Залифа;Ж
Залифе;Ж
Залифя;Ж
Залиха;Ж
Залия;Ж
Залму;Ж
Залха;Ж
Зальмира;Ж
Зальфира;Ж
Зальфина;Ж
Замзам;Ж
Замила;Ж
Замилия;Ж
Замина;Ж
Замира;Ж
Замфина;Ж
Замфира;Ж
Занальда;Ж
Занда;Ж
Зане;Ж
Заниида;Ж
Занфера;Ж
Занфира;Ж
Занфиря;Ж
Занхира;Ж
Занэ;Ж
Зара;Ж
Зарбаф;Ж
Зарема;Ж
Заремма;Ж
Зарена;Ж
Зареслава;Ж
Зарета;Ж
Заретта;Ж
Зарима;Ж
Зарина;Ж
Зарифа;Ж
Зария;Ж
Зарият;Ж
Заррина;Ж
Заруи;Ж
Заруина;Ж
Заряна;Ж
Заура;Ж
Зауреш;Ж
Заурия;Ж
Зафабилия;Ж
Зафира;Ж
Захарения;Ж
Захарина;Ж
Захария;Ж
Захра;Ж
Звенислава;Ж
Звеномира;Ж
Звенослава;Ж
Звеслава;Ж
Звинислава;Ж
Звиномира;Ж
Звинослава;Ж
Здзислава;Ж
Здислава;Ж
Зебо;Ж
красавица;Ж
Зебунисо;Ж
луноликая;Ж
Зебуниссо;Ж
Зейнаб;Ж
Зейнеп;Ж
Зелма;Ж
Зелта;Ж
Зелтите;Ж
Зелфира;Ж
Зельвия;Ж
Зельда;Ж
Зельма;Ж
Зельмира;Ж
Зельна;Ж
Зельфа;Ж
Зельфера;Ж
Зельфие;Ж
Зельфина;Ж
Зельфира;Ж
Зельфия;Ж
Зельфрида;Ж
Земина;Ж
Земира;Ж
Земпера;Ж
Земфера;Ж
Земфира;Ж
Земфроида;Ж
Земьфера;Ж
Зенаида;Ж
Зенговия;Ж
Зенислава;Ж
Зеновея;Ж
Зеновия;Ж
Зенодия;Ж
Зеноида;Ж
Зенона;Ж
Зента;Ж
Зенфера;Ж
Зенфира;Ж
Зенфрида;Ж
Зеонида;Ж
Зеония;Ж
Зере;Ж
Зете;Ж
Зефира;Ж
Зефирина;Ж
Зефкрида;Ж
Зефрида;Ж
Зибержат;Ж
Зигита;Ж
Зигрида;Ж
Зигруна;Ж
Зигря;Ж
Зигфрида;Ж
Зидаида;Ж
Зиделина;Ж
Зиедите;Ж
Зиедоне;Ж
Зизаида;Ж
Зикфрида;Ж
Зилга;Ж
Зилгма;Ж
Зиле;Ж
Зильмира;Ж
Зильфира;Ж
Зильфрита;Ж
Зиля;Ж
Зимфира;Ж
Зина;Ж
Зинаида;Ж
Зинаидия;Ж
Зиналета;Ж
Зинара;Ж
Зиндира;Ж
Зинивия;Ж
Зиният;Ж
Зиновия;Ж
Зиновка;Ж
Зиновья;Ж
Зинта;Ж
Зинфира;Ж
Зионида;Ж
Зира;Ж
Зираида;Ж
Зирка;Ж
Зиронька;Ж
Зирослава;Ж
Зиряна;Ж
Зита;Ж
Зитита;Ж
Зиферина;Ж
Зиферуна;Ж
Зифида;Ж
Зифира;Ж
Зифирина;Ж
Зифрида;Ж
Зияра;Ж
Зиярат;Ж
Злата;Ж
Златана;Ж
Златаслава;Ж
Златина;Ж
Златислава;Ж
Златия;Ж
Златка;Ж
Златовласка;Ж
Златослава;Ж
Златоцвета;Ж
Злотана;Ж
Зоенида;Ж
Зозана;Ж
Зозислава;Ж
Золифа;Ж
Золия;Ж
Золушка;Ж
Зольда;Ж
Зольфидия;Ж
Зольфия;Ж
Зольхия;Ж
Зоммара;Ж
Зонатта;Ж
Зоня;Ж
Зоория;Ж
Зора;Ж
Зораида;Ж
Зорена;Ж
Зореслава;Ж
Зориана;Ж
Зорианна;Ж
Зорина;Ж
Зорька;Ж
Зорьяна;Ж
Зоряна;Ж
Зоряница;Ж
Зорянна;Ж
Зоряня;Ж
Зосилия;Ж
Зосима;Ж
Зосимия;Ж
Зосина;Ж
Зосия;Ж
Зоська;Ж
Зосья;Ж
Зося;Ж
Зофия;Ж
Зофья;Ж
Зоя;Ж
Зубайдат;Ж
Зубайжат;Ж
Зубалжат;Ж
Зубаржат;Ж
Зубарият;Ж
Зубат;Ж
Зубейда;Ж
Зубейдат;Ж
Зубийда;Ж
Зугайрат;Ж
Зугра;Ж
Зуграт;Ж
Зузаина;Ж
Зузалия;Ж
Зузания;Ж
Зузанна;Ж
Зузання;Ж
Зуйдух;Ж
Зулай;Ж
Зулаймат;Ж
Зулайха;Ж
Зулайхат;Ж
Зулейда;Ж
Зулейха;Ж
Зулейхат;Ж
Зулжамал;Ж
Зулзум;Ж
Зулижат;Ж
Зулкайдат;Ж
Зулпат;Ж
Зулпижат;Ж
Зулужа;Ж
Зулужат;Ж
Зулхижат;Ж
Зулхия;Ж
Зульмира;Ж
Зульнара;Ж
Зульфира;Ж
Зульфия;Ж
Зуля;Ж
Зуляйха;Ж
Зуляра;Ж
Зуляха;Ж
Зумайрат;Ж
Зумира;Ж
Зумрад;Ж
Зумрада;Ж
Зумрият;Ж
Зумруд;Ж
Зумруда;Ж
Зумрут;Ж
Зундалина;Ж
Зунзул;Ж
Зури;Ж
Зурико;Ж
Зурия;Ж
Зурият;Ж
Зусаи;Ж
Зусана;Ж
Зуфара;Ж
Зухра;Ж
Зухманат;Ж
Зыба;Ж
Зюгра;Ж
Зюзанна;Ж
Зюльмира;Ж
Зюльфира;Ж
Зюльфия;Ж
Зюма;Ж
Зямрия;Ж
Зяужания;Ж
Зяухерия;Ж
Зяфиля;Ж
Иаитяна;Ж
Иалиадна;Ж
Иальта;Ж
Иамара;Ж
Ианина;Ж
Ианна;Ж
Иарида;Ж
Иария;Ж
Иарьяна;Ж
Ибадат;Ж
Ибадет;Ж
Иболя;Ж
Ибоя;Ж
Ива;Ж
Иваина;Ж
Ивалана;Ж
Ивана;Ж
Ивангалина;Ж
Ивангелина;Ж
Иванда;Ж
Иванжелина;Ж
Иванида;Ж
Иваника;Ж
Иванина;Ж
Иванита;Ж
Ивания;Ж
Иванка;Ж
Иванна;Ж
Ивано;Ж
Ивану;Ж
Иваню;Ж
Иваня;Ж
Ивгина;Ж
Ивгуния;Ж
Ивдия;Ж
Ивдокия;Ж
Ивелина;Ж
Ивета;Ж
Иветта;Ж
Ивилина;Ж
Ивина;Ж
Ивира;Ж
Ивисста;Ж
Ивита;Ж
Ивия;Ж
Ивлалия;Ж
Ивлана;Ж
Ивлина;Ж
Ивлипта;Ж
Ивлита;Ж
Ивмира;Ж
Иволина;Ж
Иволита;Ж
Иволия;Ж
Ивоника;Ж
Ивонина;Ж
Ивония;Ж
Ивонка;Ж
Ивонна;Ж
Ивонора;Ж
Ивонына;Ж
Иворика;Ж
Ивсения;Ж
Ивсталия;Ж
Ивталия;Ж
Ивфросиния;Ж
Игорина;Ж
Игуляния;Ж
Ида;Ж
Идав;Ж
Идаида;Ж
Идалида;Ж
Идалина;Ж
Идалия;Ж
Идамида;Ж
Идасия;Ж
Идаят;Ж
Идвилия;Ж
Идеалина;Ж
Идеалита;Ж
Идеалитта;Ж
Идеана;Ж
Идеида;Ж
Иделаида;Ж
Иделия;Ж
Идея;Ж
Идиалетта;Ж
Идимниса;Ж
Идина;Ж
Идия;Ж
Иева;Ж
Иезарина;Ж
Иелания;Ж
Иелена;Ж
Иеустиния;Ж
Ижена;Ж
Иза;Ж
Изабела;Ж
Изабелия;Ж
Изабелла;Ж
Изабель;Ж
Изабэла;Ж
Изабэлла;Ж
Изагира;Ж
Изадора;Ж
Изаида;Ж
Изаина;Ж
Изанна;Ж
Изаслава;Ж
Изахат;Ж
Изгар;Ж
Издак;Ж
Издек;Ж
Изейфат;Ж
Изелия;Ж
Изена;Ж
Изибелла;Ж
Изида;Ж
Изидора;Ж
Изидория;Ж
Изильдина;Ж
Излатия;Ж
Изобела;Ж
Изобелла;Ж
Изобэлла;Ж
Изодора;Ж
Изодория;Ж
Изолина;Ж
Изолодия;Ж
Изолота;Ж
Изольда;Ж
Изольдия;Ж
Изофина;Ж
Израилита;Ж
Изумруда;Ж
Изяслава;Ж
Иирис;Ж
Икатерина;Ж
Икилина;Ж
Икрамат;Ж
Икуко;Ж
Илана;Ж
Иланна;Ж
Иланит;Ж
Илария;Ж
Илаха;Ж
Илва;Ж
Илвита;Ж
Илвия;Ж
Илга;Ж
Илгаме;Ж
Илгамия;Ж
Илгона;Ж
Илда;Ж
Илдзе;Ж
Илеана;Ж
Илеонора;Ж
Илза;Ж
Илзе;Ж
Илиана;Ж
Илиания;Ж
Илианна;Ж
Илианора;Ж
Илижбета;Ж
Илизавета;Ж
Илизана;Ж
Иликерия;Ж
Илина;Ж
Илинда;Ж
Илионора;Ж
Илиса;Ж
Илисса;Ж
Илися;Ж
Илияния;Ж
Илиянна;Ж
Иллардина;Ж
Иллариона;Ж
Иллария;Ж
Иллиана;Ж
Иллианора;Ж
Иллина;Ж
Иллирика;Ж
Иллирия;Ж
Илма;Ж
Илму;Ж
Илона;Ж
Илоника;Ж
Илония;Ж
Илонка;Ж
Илонна;Ж
Илория;Ж
Илута;Ж
Ильвера;Ж
Ильвина;Ж
Ильвира;Ж
Ильвиса;Ж
Ильвия;Ж
Ильгама;Ж
Ильгамия;Ж
Ильгамья;Ж
Ильгина;Ж
Ильдарья;Ж
Ильдефонса;Ж
Ильзира;Ж
Ильина;Ж
Ильмаира;Ж
Ильмира;Ж
Ильмият;Ж
Ильмурият;Ж
Ильмуханум;Ж
Ильмухат;Ж
Ильнара;Ж
Ильнура;Ж
Ильсия;Ж
Ильсияр;Ж
Ильфира;Ж
Ильхама;Ж
Ильхамия;Ж
Ильяна;Ж
Ильянира;Ж
Ильянора;Ж
Илэна;Ж
Илээ;Ж
Илюза;Ж
Иляна;Ж
Илярия;Ж
Ималда;Ж
Иманат;Ж
Имани;Ж
Иманта;Ж
Имара;Ж
Имарат;Ж
Имаржан;Ж
Имелда;Ж
Имельда;Ж
Имина;Ж
Иминат;Ж
Имона;Ж
Имриса;Ж
Ина;Ж
Инадия;Ж
Инаида;Ж
Инаиса;Ж
Иналита;Ж
Инара;Ж
Инаре;Ж
Инаят;Ж
Инбар;Ж
янтарь;Ж
Инга;Ж
Ингеборга;Ж
Ингельсина;Ж
Инголина;Ж
Ингретта;Ж
Ингрид;Ж
Ингрида;Ж
Ингрит;Ж
Ингрита;Ж
Ингуна;Ж
Индалия;Ж
Индиана;Ж
Индианна;Ж
Индилина;Ж
Индира;Ж
Индра;Ж
Индрен;Ж
Индустриана;Ж
Индустрия;Ж
Индият;Ж
Инелина;Ж
Инес;Ж
Инеса;Ж
Инесе;Ж
Инесита;Ж
Инесия;Ж
Инесс;Ж
Инесса;Ж
Инессе;Ж
Инета;Ж
Инжили;Ж
Инжилина;Ж
Инита;Ж
Инна;Ж
Иннадия;Ж
Иннаида;Ж
Иннеса;Ж
Иннесса;Ж
Иннета;Ж
Иннетта;Ж
Инногретта;Ж
Иннэса;Ж
Иннэсса;Ж
Инриетта;Ж
Инрина;Ж
Инсабат;Ж
Инсаният;Ж
Инсап;Ж
Инта;Ж
Интезара;Ж
Интерина;Ж
Интерита;Ж
Интерия;Ж
Интерлина;Ж
Интерна;Ж
Интизар;Ж
Интра;Ж
Инута;Ж
Иоанна;Ж
Иованна;Ж
Иогания;Ж
Иоганка;Ж
Иоганна;Ж
Иозефа;Ж
Иозефина;Ж
Иозифина;Ж
Иолана;Ж
Иоланга;Ж
Иоланда;Ж
Иоланка;Ж
Иоланна;Ж
Иоланта;Ж
Иоланя;Ж
Иолена;Ж
Ионелия;Ж
Ионна;Ж
Иосафата;Ж
Иосина;Ж
Иосипа;Ж
Иосипина;Ж
Иосифа;Ж
Иосифина;Ж
Иосифия;Ж
Иософина;Ж
Ира;Ж
Ирагда;Ж
Ираги;Ж
Ирада;Ж
Ираде;Ж
Ирадиада;Ж
Ирадиана;Ж
Ирадияна;Ж
Ирае;Ж
Ираида;Ж
Ираина;Ж
Ираинда;Ж
Ираиса;Ж
Ирайганат;Ж
Ирайда;Ж
Ирайдат;Ж
Ираклида;Ж
Иралия;Ж
Ирана;Ж
Иранда;Ж
Иранза;Ж
Ирания;Ж
Ираоля;Ж
Ирасда;Ж
Ирась;Ж
Иратиада;Ж
Ирафда;Ж
Ираыда;Ж
Ирбе;Ж
Ирвита;Ж
Иргаш;Ж
Иргетта;Ж
Иргина;Ж
Иреина;Ж
Ирейна;Ж
Ирен;Ж
Ирена;Ж
Иренаронка;Ж
Иренбуш;Ж
Ирене;Ж
Иренэ;Ж
Иреня;Ж
Ирестина;Ж
Иржа;Ж
Иржина;Ж
Ирза;Ж
Ирзабала;Ж
Ири;Ж
Ириагея;Ж
Ириада;Ж
Ириана;Ж
Ирианда;Ж
Ириатна;Ж
Ирива;Ж
Ирида;Ж
Иридента;Ж
Иридия;Ж
Ириида;Ж
Ирика;Ж
Ирина;Ж
Иринаана;Ж
Иринаида;Ж
Иринида;Ж
Ириния;Ж
Иринка;Ж
Иринья;Ж
Ирис;Ж
Ириса;Ж
Иристина;Ж
Ирита;Ж
Ирлана;Ж
Ирланда;Ж
Ирланта;Ж
Ирлена;Ж
Ирлида;Ж
Ирлянда;Ж
Ирма;Ж
Ирмаис;Ж
Ирманна;Ж
Ирмгарде;Ж
Ирмина;Ж
Иродиада;Ж
Иронда;Ж
Ирослава;Ж
Ирье;Ж
Ирэна;Ж
Ирэнэ;Ж
Исаия;Ж
Исаймат;Ж
Исако;Ж
Исана;Ж
Исбат;Ж
Исидора;Ж
Искра;Ж
Ислаида;Ж
Исли;Ж
Исманият;Ж
Исмира;Ж
Исният;Ж
Испаният;Ж
Испет;Ж
Истара;Ж
Истора;Ж
Ита;Ж
Итай;Ж
Итерия;Ж
Итефания;Ж
Иувеналия;Ж
Иулиания;Ж
Иулиония;Ж
Иульяния;Ж
Иумания;Ж
Иустиана;Ж
Иустина;Ж
Иустиния;Ж
Иустинья;Ж
Ифрасат;Ж
Ифрозина;Ж
Июлия;Ж
Июлияна;Ж
Июстина;Ж
Июстиния;Ж
Кааба;Ж
Каабахан;Ж
Каберина;Ж
Кабира;Ж
Кабират;Ж
Кавалентина;Ж
Кавдия;Ж
Кавирья;Ж
Кавиря;Ж
Кавита;Ж
Кавсар;Ж
Кавсарат;Ж
Кадария;Ж
Кадирия;Ж
Кадрамида;Ж
Кадрия;Ж
Кадырия;Ж
Кадырья;Ж
Кадысия;Ж
Каеде;Ж
Каземира;Ж
Казима;Ж
Казимат;Ж
Казимира;Ж
Казмария;Ж
Казмира;Ж
Казьмира;Ж
Казьмирина;Ж
Каинат;Ж
Кайлиста;Ж
Кайра;Ж
Каламбина;Ж
Калела;Ж
Калена;Ж
Калерина;Ж
Калерия;Ж
Калиго;Ж
Кализа;Ж
Калилия;Ж
Калима;Ж
Калимат;Ж
Калимула;Ж
Калимулла;Ж
Калина;Ж
Калине;Ж
Калиния;Ж
Калинна;Ж
Калиопа;Ж
Калиса;Ж
Калисия;Ж
Калисса;Ж
Калиста;Ж
Калиствения;Ж
Калиствина;Ж
Калистина;Ж
Калисфения;Ж
Калиталина;Ж
Калитолина;Ж
Калия;Ж
Калла;Ж
Каллерия;Ж
Каллиса;Ж
Каллиска;Ж
Каллиста;Ж
Кальмина;Ж
Камале;Ж
Камерина;Ж
Камила;Ж
Камилат;Ж
Камилета;Ж
Камилина;Ж
Камилия;Ж
Камилла;Ж
Камиллия;Ж
Камиля;Ж
Камшат;Ж
Канае;Ж
Канитат;Ж
Канна;Ж
Каннамкулат;Ж
Капелина;Ж
Капетолина;Ж
Капиталина;Ж
Капитолина;Ж
Карделия;Ж
Карелина;Ж
Карелия;Ж
Карема;Ж
Карен;Ж
Карерина;Ж
Кариадна;Ж
Карианна;Ж
Карима;Ж
Каримат;Ж
Карин;Ж
Карина;Ж
Карине;Ж
Каринна;Ж
Карино;Ж
Каринэ;Ж
Карита;Ж
Карияна;Ж
Карла;Ж
Карлен;Ж
Карлина;Ж
Карлыгаш;Ж
Карлота;Ж
Карманьола;Ж
Кармела;Ж
Кармелина;Ж
Кармелита;Ж
Кармелия;Ж
Кармелла;Ж
Кармен;Ж
Кармена;Ж
Кармила;Ж
Карминика;Ж
Кармит;Ж
Кармия;Ж
Карола;Ж
Каролайн;Ж
Каролин;Ж
Каролина;Ж
Каролия;Ж
Карраиса;Ж
Карролина;Ж
Карэн;Ж
Касандра;Ж
Касания;Ж
Касиния;Ж
Касияна;Ж
Кассия;Ж
Касся;Ж
Кастелла;Ж
Касуми;Ж
Касьяна;Ж
Кася;Ж
Касяна;Ж
Катажина;Ж
Катаина;Ж
Каталин;Ж
Каталина;Ж
Каталия;Ж
Каталя;Ж
Катана;Ж
Катаржина;Ж
Катарина;Ж
Катежина;Ж
Кателина;Ж
Катена;Ж
Катенина;Ж
Катера;Ж
Катерена;Ж
Катерина;Ж
Катерына;Ж
Катирина;Ж
Католина;Ж
Катри;Ж
Катрин;Ж
Катрина;Ж
Катринуца;Ж
Катрите;Ж
Катруся;Ж
Катря;Ж
Катсуко;Ж
Кафия;Ж
Кацурако;Ж
Кацуюки;Ж
Качар;Ж
Кашерина;Ж
Кая;Ж
Каяко;Ж
Каяна;Ж
Каянэ;Ж
Каяхалум;Ж
Каяханум;Ж
Квета;Ж
Кветина;Ж
Кветослава;Ж
Квидонна;Ж
Квилина;Ж
Квинтина;Ж
Квита;Ж
Квиталина;Ж
Квитана;Ж
Квитания;Ж
Квитаня;Ж
Квитина;Ж
Квитка;Ж
Квиткослава;Ж
Квитлана;Ж
Квитоксина;Ж
Квитослава;Ж
Квитя;Ж
Квитяна;Ж
Квятослава;Ж
Кевсер;Ж
Кевсирия;Ж
Кевсория;Ж
Кезибан;Ж
Кейко;Ж
Кейла;Ж
Келлукетлин;Ж
Кемилия;Ж
Кендалл;Ж
Кенже;Ж
Кенжекуль;Ж
Керен;Ж
Керолайн;Ж
Керсти;Ж
Керстин;Ж
Керстина;Ж
Керта;Ж
Кертта;Ж
Керту;Ж
Кесария;Ж
Кесран;Ж
Киара;Ж
Кива;Ж
Кигили;Ж
Кизай;Ж
Кизайбат;Ж
Кизбес;Ж
Кизилгюль;Ж
Кизлер;Ж
Кийоко;Ж
Кизханум;Ж
Кикилия;Ж
Килина;Ж
Килинина;Ж
Килиона;Ж
Ким;Ж
Кима;Ж
Кимберли;Ж
Кимие;Ж
Кимико;Ж
Кимма;Ж
Кинанат;Ж
Кинга;Ж
Кинтия;Ж
Киоко;Ж
Кира;Ж
Кираенна;Ж
Кираида;Ж
Киракия;Ж
Кирана;Ж
Кирания;Ж
Кираят;Ж
Кирексия;Ж
Кирианна;Ж
Кириена;Ж
Кириенна;Ж
Кирика;Ж
Кирилина;Ж
Кирилия;Ж
Кириллина;Ж
Кириния;Ж
Кирния;Ж
Киролина;Ж
Киросветлана;Ж
Кистаман;Ж
Кисханум;Ж
Кита;Ж
Китаяна;Ж
Китилай;Ж
Кития;Ж
Кифаят;Ж
Киштай;Ж
Киштон;Ж
Киянат;Ж
Кияра;Ж
Клаарика;Ж
Клава;Ж
Клаваня;Ж
Клавда;Ж
Клавдея;Ж
Клавдина;Ж
Клавдия;Ж
Клавия;Ж
Кладина;Ж
Кладия;Ж
Кламентина;Ж
Клара;Ж
Клариада;Ж
Кларида;Ж
Кларика;Ж
Кларильда;Ж
Кларимонда;Ж
Кларина;Ж
Кларинда;Ж
Кларинетта;Ж
Кларинья;Ж
Кларис;Ж
Клариса;Ж
Кларисса;Ж
Кларита;Ж
Кларитта;Ж
Клария;Ж
Клармия;Ж
Кларнета;Ж
Клаудиа;Ж
Клаудия;Ж
Клевтина;Ж
Клемантина;Ж
Клементина;Ж
Клеоника;Ж
Клеопатра;Ж
Клеопатрия;Ж
Клеорви;Ж
Клеотера;Ж
Клер;Ж
Клера;Ж
Клерета;Ж
Клерия;Ж
Клеруца;Ж
Клетильда;Ж
Климентина;Ж
Климентия;Ж
Клинта;Ж
Клиопатра;Ж
Клиопатрия;Ж
Клодия;Ж
Коара;Ж
Кодзуе;Ж
Коземира;Ж
Козимира;Ж
Койду;Ж
Колитта;Ж
Комунара;Ж
Комунарка;Ж
Комунина;Ж
Конвалия;Ж
Конелия;Ж
Конеля;Ж
Конкардия;Ж
Конкордия;Ж
Константина;Ж
Константинина;Ж
Констанца;Ж
Констанция;Ж
Констянтина;Ж
Конуль;Ж
Коко;Ж
Кооператина;Ж
Корал;Ж
Кораль;Ж
Коралина;Ж
Корина;Ж
Коркордия;Ж
Корнелия;Ж
Корнеллия;Ж
Корнилия;Ж
Королевна;Ж
Королина;Ж
Королька;Ж
Кортни;Ж
Космита;Ж
Космуня;Ж
Косния;Ж
Костантина;Ж
Костанция;Ж
Костивина;Ж
Кохава;Ж
Красамира;Ж
Красемира;Ж
Красива;Ж
Красимира;Ж
Красина;Ж
Красия;Ж
Красноармина;Ж
Красномира;Ж
Крементина;Ж
Кремильда;Ж
Кремлина;Ж
Кремыльда;Ж
Кренгильда;Ж
Крестина;Ж
Крестиния;Ж
Крестинья;Ж
Крестияна;Ж
Крецилия;Ж
Кривтина;Ж
Кримгильда;Ж
Криментина;Ж
Кримчильда;Ж
Крискентия;Ж
Криста;Ж
Кристалина;Ж
Кристана;Ж
Кристель;Ж
Кристен;Ж
Кристи;Ж
Кристиана;Ж
Кристиане;Ж
Кристианэ;Ж
Кристин;Ж
Кристина;Ж
Кристине;Ж
Кристиния;Ж
Кристинэ;Ж
Кристипна;Ж
Кристя;Ж
Кристяна;Ж
Криштофия;Ж
Ксалакс;Ж
Ксаверия;Ж
Ксанфина;Ж
Ксения;Ж
Ксенья;Ж
Ксеня;Ж
Ксилина;Ж
Ксиния;Ж
Кстахалум;Ж
Кузьмина;Ж
Кулина;Ж
Култум;Ж
Кульпан;Ж
Кумико;Ж
Кумсият;Ж
Купава;Ж
Курбанбиби;Ж
Курбанпатимат;Ж
Кураиш;Ж
Куралай;Ж
Курбонбека;Ж
Курманкыз;Ж
Курсанат;Ж
Кусум;Ж
Куца;Ж
Куцуко;Ж
Кысти;Ж
Кэтрин;Ж
Кэтэлина;Ж
Кюлли;Ж
Кюллике;Ж
Кюльнара;Ж
Кюльнаре;Ж
Кюльханда;Ж
Кяве;Ж
Кязима;Ж
Кямаля;Ж
Кямане;Ж
Кяролин;Ж
Лабина;Ж
Лабиса;Ж
Лавиза;Ж
Лавизе;Ж
Лавиника;Ж
Лавиния;Ж
Лависа;Ж
Лависия;Ж
Лавия;Ж
Лавра;Ж
Лаврения;Ж
Лаврентина;Ж
Лаврентия;Ж
Лавреня;Ж
Лаврика;Ж
Лагийка;Ж
Лада;Ж
Ладария;Ж
Ладвина;Ж
Ладвия;Ж
Ладейка;Ж
Ладжения;Ж
Ладилена;Ж
Ладислава;Ж
Ладия;Ж
Ладлена;Ж
Ладомира;Ж
Ладона;Ж
Ладуська;Ж
Лазарина;Ж
Лазиза;Ж
Лазурина;Ж
Лаимдота;Ж
Лаимрота;Ж
Лаинат;Ж
Лаирутта;Ж
Лаият;Ж
Лайла;Ж
Лайлана;Ж
Лайма;Ж
Лаймадота;Ж
Лаймат;Ж
Лайна;Ж
Лайне;Ж
Лайсания;Ж
Лакшми;Ж
Лала;Ж
Лали;Ж
Лалита;Ж
Ламара;Ж
Ламберта;Ж
Ламзира;Ж
Ламира;Ж
Ламита;Ж
Ламия;Ж
Лампиада;Ж
Лампия;Ж
Лана;Ж
Ланара;Ж
Лангета;Ж
Лангина;Ж
Ланда;Ж
Ландина;Ж
Ландыш;Ж
Ланера;Ж
Лани;Ж
Ланида;Ж
Ланина;Ж
Ланита;Ж
Ланка;Ж
Ланна;Ж
Ланнера;Ж
Лантвия;Ж
Ланура;Ж
Лаодика;Ж
Лаонида;Ж
Лаориса;Ж
Лаприса;Ж
Лараиса;Ж
Ларасковия;Ж
Ларена;Ж
Ларета;Ж
Ларетта;Ж
Лариада;Ж
Лариана;Ж
Ларианна;Ж
Лариаса;Ж
Ларика;Ж
Лариса;Ж
Ларисана;Ж
Ларисия;Ж
Ларисса;Ж
Ларита;Ж
Ларитина;Ж
Ларитта;Ж
Ларнеса;Ж
Ларнета;Ж
Ларриса;Ж
Ласма;Ж
Лассалия;Ж
Латафет;Ж
Латифа;Ж
Лаура;Ж
Лауренца;Ж
Лауренция;Ж
Лауренцу;Ж
Лаурета;Ж
Лауретина;Ж
Лауретта;Ж
Лаурика;Ж
Лаурикэ;Ж
Лаурита;Ж
Лаурия;Ж
Лаустина;Ж
Лаферина;Ж
Лафира;Ж
Лафиря;Ж
Лафиса;Ж
Лахимеседо;Ж
Лачин;Ж
Лачина;Ж
Лаюза;Ж
Леа;Ж
Леакадия;Ж
Леалина;Ж
Леана;Ж
Леандра;Ж
Леанеора;Ж
Леанида;Ж
Леанина;Ж
Леания;Ж
Леанка;Ж
Леанна;Ж
Леарина;Ж
Леария;Ж
Лебертина;Ж
Леванида;Ж
Левания;Ж
Левилина;Ж
Левина;Ж
Левиния;Ж
Левинтолия;Ж
Левисанта;Ж
Левкада;Ж
Левкадия;Ж
Левкия;Ж
Левкодия;Ж
Левкония;Ж
Левонтина;Ж
Левонтия;Ж
Леда;Ж
Ледонара;Ж
Леенура;Ж
Лейда;Ж
Лейла;Ж
Лейлана;Ж
Лейли;Ж
Лейлина;Ж
Лейлия;Ж
Лейсан;Ж
Лейсен;Ж
Лейта;Ж
Лейха;Ж
Лейця;Ж
Лейя;Ж
Лека;Ж
Лекадия;Ж
Леканида;Ж
Лекерия;Ж
Лекеря;Ж
Лекирия;Ж
Леконида;Ж
Лекория;Ж
Лела;Ж
Лелде;Ж
Лелита;Ж
Лелия;Ж
Леля;Ж
Леляна;Ж
Лемарена;Ж
Лемера;Ж
Леметиния;Ж
Лемина;Ж
Лемира;Ж
Лемона;Ж
Лена;Ж
Ленада;Ж
Ленадия;Ж
Ленара;Ж
Ленарта;Ж
Ленгина;Ж
Ленетта;Ж
Ленея;Ж
Лензавета;Ж
Лениа;Ж
Лениада;Ж
Лениалла;Ж
Лениана;Ж
Лениара;Ж
Лениза;Ж
Ленина;Ж
Ленинара;Ж
Лениниада;Ж
Лениниана;Ж
Ленинида;Ж
Ленинина;Ж
Ленияра;Ж
Ленке;Ж
Леноида;Ж
Леокадия;Ж
Леольгина;Ж
Леоментина;Ж
Леона;Ж
Леонада;Ж
Леонадия;Ж
Леонара;Ж
Леонарда;Ж
Леонардия;Ж
Леонида;Ж
Леонидивна;Ж
Леонидия;Ж
Леонила;Ж
Леонилия;Ж
Леонилла;Ж
Леония;Ж
Леонкадия;Ж
Леонна;Ж
Леоннила;Ж
Леонода;Ж
Леонора;Ж
Леонорда;Ж
Леонория;Ж
Леонсина;Ж
Леонсия;Ж
Леонтанина;Ж
Леонтина;Ж
Леонтия;Ж
Леопольда;Ж
Леопольдина;Ж
Леопольдия;Ж
Леордина;Ж
Леорика;Ж
Леорина;Ж
Леорита;Ж
Леостина;Ж
Леотина;Ж
Лепестина;Ж
Лепестиния;Ж
Лепестинья;Ж
Лепий;Ж
Лера;Ж
Леранда;Ж
Лерика;Ж
Леслава;Ж
Лесмина;Ж
Лесовета;Ж
Лесья;Ж
Леся;Ж
Летаника;Ж
Летронелла;Ж
Лея;Ж
Леяля;Ж
Лиа;Ж
Лиакадия;Ж
Лиала;Ж
Лиалина;Ж
Лиаля;Ж
Лиама;Ж
Лиана;Ж
Лианелла;Ж
Лианида;Ж
Лианна;Ж
Лианора;Ж
Лиат;Ж
Либа;Ж
Либерталия;Ж
Либертина;Ж
Либирета;Ж
Либрета;Ж
Лива;Ж
Ливана;Ж
Ливанда;Ж
Ливандина;Ж
Ливанория;Ж
Ливантина;Ж
Ливдия;Ж
Ливедора;Ж
Ливелина;Ж
Ливентина;Ж
Ливиана;Ж
Ливидина;Ж
Ливидора;Ж
Ливика;Ж
Ливилина;Ж
Ливина;Ж
Ливинтина;Ж
Ливия;Ж
Лига;Ж
Лигита;Ж
Лигия;Ж
Лида;Ж
Лидаида;Ж
Лидара;Ж
Лидаретта;Ж
Лидвига;Ж
Лидвина;Ж
Лидвися;Ж
Лидда;Ж
Лидионера;Ж
Лидия;Ж
Лидлия;Ж
Лидмила;Ж
Лидмира;Ж
Лидмия;Ж
Лидоида;Ж
Лиенити;Ж
Лиесма;Ж
Лиза;Ж
Лизабэта;Ж
Лизавета;Ж
Лизаветта;Ж
Лизавита;Ж
Лизаида;Ж
Лизбетта;Ж
Лизвина;Ж
Лизелотта;Ж
Лизетта;Ж
Лизия;Ж
Лизка;Ж
Лизовета;Ж
Лии;Ж
Лииа;Ж
Лииза;Ж
Лиила;Ж
Лиина;Ж
Лиия;Ж
Лиияд;Ж
Лика;Ж
Ликанида;Ж
Ликбина;Ж
Ликерия;Ж
Ликерка;Ж
Ликерука;Ж
Ликерья;Ж
Ликеря;Ж
Ликирина;Ж
Ликирия;Ж
Ликия;Ж
Ликияна;Ж
Ликонида;Ж
Ликора;Ж
Ликория;Ж
Ликсма;Ж
Лила;Ж
Лилалия;Ж
Лиланья;Ж
Лилара;Ж
Лили;Ж
Лилиада;Ж
Лилиан;Ж
Лилиана;Ж
Лилианна;Ж
Лилиета;Ж
Лилина;Ж
Лилиоза;Ж
Лилиона;Ж
Лилит;Ж
Лилита;Ж
Лилитта;Ж
Лилия;Ж
Лилияла;Ж
Лилияна;Ж
Лилиянда;Ж
Лилиянна;Ж
Лилла;Ж
Лиллиана;Ж
Лиллия;Ж
Лилля;Ж
Лилляна;Ж
Лилу;Ж
Лиля;Ж
Лиляна;Ж
Лилянна;Ж
Лиляра;Ж
Лимани;Ж
Лимара;Ж
Лимартия;Ж
Лимера;Ж
Лимидора;Ж
Лимонтина;Ж
Лимор;Ж
Лимора;Ж
Лимпиада;Ж
Лимпияда;Ж
Лимуният;Ж
Лина;Ж
Линада;Ж
Линаида;Ж
Линанда;Ж
Линанида;Ж
Линанина;Ж
Линара;Ж
Линарида;Ж
Линария;Ж
Линда;Ж
Линдань;Ж
Линдия;Ж
Линдси;Ж
Линзина;Ж
Линиала;Ж
Линиана;Ж
Линианна;Ж
Линиза;Ж
Линика;Ж
Линина;Ж
Линира;Ж
Линита;Ж
Линн;Ж
Линна;Ж
Линнара;Ж
Линода;Ж
Линоза;Ж
Линоида;Ж
Линой;Ж
Линольда;Ж
Линора;Ж
Линорита;Ж
Линура;Ж
Лиодора;Ж
Лиокадия;Ж
Лиокардия;Ж
Лиона;Ж
Лионарда;Ж
Лионелла;Ж
Лионида;Ж
Лионита;Ж
Лионора;Ж
Лионтина;Ж
Лионэлла;Ж
Лиора;Ж
Лиославия;Ж
Лиостина;Ж
Липа;Ж
Липаида;Ж
Липания;Ж
Липистина;Ж
Липистиния;Ж
Липлетинея;Ж
Липьяда;Ж
Лира;Ж
Лираз;Ж
Лираида;Ж
Лирина;Ж
Лириса;Ж
Лиритта;Ж
Лирия;Ж
Лируна;Ж
Лисавета;Ж
Лисоведа;Ж
Лисовета;Ж
Листия;Ж
Лита;Ж
Литаль;Ж
Литонина;Ж
Литопина;Ж
Лифанида;Ж
Лиэль;Ж
Лиюса;Ж
Лия;Ж
Лияза;Ж
Лиянида;Ж
Лоида;Ж
Лойзия;Ж
Лойиса;Ж
Локадия;Ж
Лола;Ж
Лолиана;Ж
Лолина;Ж
Лолита;Ж
Лолитта;Ж
Лолия;Ж
Лолла;Ж
Лоллита;Ж
Лона;Ж
Лонгена;Ж
Лонда;Ж
Лора;Ж
Лоралесса;Ж
Лоран;Ж
Лоредана;Ж
Лорейда;Ж
Лорейна;Ж
Лорейта;Ж
Лорелея;Ж
Лореля;Ж
Лорен;Ж
Лорена;Ж
Лоренада;Ж
Лоренна;Ж
Лорентина;Ж
Лоренция;Ж
Лорета;Ж
Лоретта;Ж
Лори;Ж
Лориана;Ж
Лорианна;Ж
Лорида;Ж
Лоридана;Ж
Лориданна;Ж
Лоридия;Ж
Лорика;Ж
Лорина;Ж
Лориона;Ж
Лориса;Ж
Лорита;Ж
Лоритеса;Ж
Лоритта;Ж
Лория;Ж
Лорна;Ж
Лорнеса;Ж
Лотта;Ж
Лотфия;Ж
Лофира;Ж
Лоэнида;Ж
Лоя;Ж
Луара;Ж
Лувинда;Ж
Лувита;Ж
Лудция;Ж
Лузана;Ж
Луида;Ж
Луиза;Ж
Луиса;Ж
Луисса;Ж
Лукедья;Ж
Лукения;Ж
Лукерия;Ж
Лукерка;Ж
Лукерция;Ж
Лукерья;Ж
Лукеря;Ж
Лукирья;Ж
Лукия;Ж
Лукория;Ж
Лукорья;Ж
Лукреца;Ж
Лукреция;Ж
Лукреця;Ж
Лукриция;Ж
Луктория;Ж
Лукьяна;Ж
Лусина;Ж
Лусине;Ж
Лусинка;Ж
Лусинь;Ж
Лусинэ;Ж
Луциана;Ж
Луцина;Ж
Луция;Ж
Луцияна;Ж
Лучия;Ж
Лыбедь;Ж
Лываза;Ж
Лывия;Ж
Лэйла;Ж
Лэйлани;Ж
Лэлинта;Ж
Люба;Ж
Любава;Ж
Любаида;Ж
Любамира;Ж
Любанна;Ж
Любахана;Ж
Любимира;Ж
Любина;Ж
Любов;Ж
Любова;Ж
Любовета;Ж
Любовия;Ж
Любовь;Ж
Любодия;Ж
Любомара;Ж
Любомиира;Ж
Любомила;Ж
Любомира;Ж
Любослава;Ж
Людания;Ж
Людвига;Ж
Людвигия;Ж
Людвика;Ж
Людвила;Ж
Людвина;Ж
Людвиния;Ж
Людвинка;Ж
Людвинья;Ж
Людвиня;Ж
Людвира;Ж
Людвиса;Ж
Людвиська;Ж
Людмила;Ж
Людмилана;Ж
Людмилла;Ж
Людмилука;Ж
Людмият;Ж
Людомира;Ж
Люза;Ж
Люзаида;Ж
Люзия;Ж
Люзя;Ж
Люкада;Ж
Люкадия;Ж
Люкерия;Ж
Люкреция;Ж
Люминица;Ж
Люнгина;Ж
Люпина;Ж
Люсене;Ж
Люсиана;Ж
Люсианна;Ж
Люсиарда;Ж
Люсия;Ж
Люссия;Ж
Люсся;Ж
Люстина;Ж
Люстрина;Ж
Люсьбета;Ж
Люсьева;Ж
Люсьен;Ж
Люсьена;Ж
Люсьета;Ж
Люсьетта;Ж
Люсьмана;Ж
Люсьяна;Ж
Люся;Ж
Люсяна;Ж
Люцилия;Ж
Люцилла;Ж
Люциния;Ж
Люцита;Ж
Люция;Ж
Лявизя;Ж
Ляврина;Ж
Лядвига;Ж
Лядвина;Ж
Лядмила;Ж
Ляззат;Ж
Лязиза;Ж
Лязизя;Ж
Ляиля;Ж
Ляйзя;Ж
Ляйла;Ж
Ляйле;Ж
Ляйли;Ж
Ляйля;Ж
Ляйсан;Ж
Ляйсе;Ж
Ляйсира;Ж
Ляйсян;Ж
Ляйя;Ж
Ляла;Ж
Лялета;Ж
Ляля;Ж
Лямья;Ж
Ляна;Ж
Лятифа;Ж
Ляуренция;Ж
Ляюза;Ж
Маазат;Ж
Маарика;Ж
Мааян;Ж
Мавазина;Ж
Мавгида;Ж
Мавзуна;Ж
Мавзуфа;Ж
Мавлида;Ж
Мавлина;Ж
Мавлюда;Ж
Мавра;Ж
Маврина;Ж
Мавритания;Ж
Маврия;Ж
Мавсилия;Ж
Мавсиля;Ж
Магавия;Ж
Магда;Ж
Магдавлина;Ж
Магдалана;Ж
Магдалеена;Ж
Магдален;Ж
Магдалена;Ж
Магдалина;Ж
Магдалира;Ж
Магдалка;Ж
Магдана;Ж
Магдания;Ж
Магдарина;Ж
Магдаяна;Ж
Магделена;Ж
Магделина;Ж
Магдилина;Ж
Магдлина;Ж
Магдолина;Ж
Магера;Ж
Магида;Ж
Магият;Ж
Магнолия;Ж
Маговия;Ж
Магоне;Ж
Магралина;Ж
Магрена;Ж
Маданият;Ж
Мадара;Ж
Маде;Ж
Маделина;Ж
Мадина;Ж
Мадинат;Ж
Мадинатгаджи;Ж
Мадия;Ж
Мадият;Ж
Мадлен;Ж
Мадлена;Ж
Мадонна;Ж
Мадяфия;Ж
Маженка;Ж
Маида;Ж
Маидалина;Ж
Маидат;Ж
Маина;Ж
Маира;Ж
Маисат;Ж
Майка;Ж
Майга;Ж
Майзанат;Ж
Майина;Ж
Майминат;Ж
Маймуна;Ж
Маймунат;Ж
Маймусат;Ж
Майнонах;Ж
Майнрида;Ж
Майорина;Ж
Майорита;Ж
Майра;Ж
Майрам;Ж
Майрита;Ж
Майсарат;Ж
Майта;Ж
Майтифа;Ж
Майя;Ж
Майяханум;Ж
Макпал;Ж
Макка;Ж
Макото;Ж
Максалина;Ж
Максимила;Ж
Максимилиана;Ж
Макура;Ж
Малайгат;Ж
Малания;Ж
Маланка;Ж
Маланья;Ж
Малахет;Ж
Малашка;Ж
Малвина;Ж
Малгажата;Ж
Малгожата;Ж
Малениса;Ж
Маления;Ж
Малентина;Ж
Малибдена;Ж
Малика;Ж
Маликат;Ж
Малина;Ж
Малия;Ж
Малохат;Ж
Мальва;Ж
Мальвина;Ж
Мальвине;Ж
Мальвира;Ж
Мальвиса;Ж
Мальвия;Ж
Мальда;Ж
Манаба;Ж
Манами;Ж
Манана;Ж
Манаша;Ж
Манарша;Ж
Манефа;Ж
Манира;Ж
Мания;Ж
Манна;Ж
Манола;Ж
Мансура;Ж
Манташа;Ж
Манушак;Ж
Мануэла;Ж
Мануэлла;Ж
Манька;Ж
Маня;Ж
Мара;Ж
Марал;Ж
Марвия;Ж
Марга;Ж
Маргагита;Ж
Маргалета;Ж
Маргалина;Ж
Маргалинта;Ж
Маргарет;Ж
Маргарета;Ж
Маргаретта;Ж
Маргарина;Ж
Маргаринта;Ж
Маргарит;Ж
Маргарита;Ж
Маргалита;Ж
Маргиета;Ж
Маргилина;Ж
Маргиля;Ж
Маргиола;Ж
Маргит;Ж
Маргита;Ж
Марго;Ж
Марголина;Ж
Маргорета;Ж
Маргос;Ж
Маргот;Ж
Маргрета;Ж
Маргриета;Ж
Маргрита;Ж
Маргуша;Ж
Маргшарита;Ж
Мардалина;Ж
Мардания;Ж
Маре;Ж
Марем;Ж
Маремия;Ж
Маремьяна;Ж
Мареника;Ж
Мареонила;Ж
Марет;Ж
Марета;Ж
Маретта;Ж
Маржана;Ж
Маржанат;Ж
Маржената;Ж
Маржентина;Ж
Марзигат;Ж
Марзигет;Ж
Марзижат;Ж
Марзия;Ж
Марзият;Ж
Мари;Ж
Мариада;Ж
Мариалена;Ж
Мариалла;Ж
Мариам;Ж
Мариамия;Ж
Мариамна;Ж
Мариана;Ж
Марианна;Ж
Марибела;Ж
Маригет;Ж
Маригольда;Ж
Марида;Ж
Маридила;Ж
Мариетта;Ж
Марийпа;Ж
Марика;Ж
Марике;Ж
Марико;Ж
Марилена;Ж
Маримана;Ж
Маримьяна;Ж
Марин;Ж
Марина;Ж
Маринела;Ж
Маринелла;Ж
Маринеса;Ж
Маринета;Ж
Маринетта;Ж
Мариника;Ж
Маринка;Ж
Маринна;Ж
Маринэ;Ж
Маринэлла;Ж
Маринэтта;Ж
Мариоара;Ж
Мариола;Ж
Мариолла;Ж
Мариона;Ж
Марионела;Ж
Марионелла;Ж
Марионелли;Ж
Марионелля;Ж
Марионета;Ж
Марионетта;Ж
Марионила;Ж
Марионилла;Ж
Марионина;Ж
Марионна;Ж
Марионнила;Ж
Марионэлла;Ж
Мариора;Ж
Мариориса;Ж
Марипат;Ж
Мариса;Ж
Марисанна;Ж
Мариста;Ж
Марися;Ж
Марита;Ж
Маритана;Ж
Маританна;Ж
Марите;Ж
Маритона;Ж
Маритэ;Ж
Маритя;Ж
Мариука;Ж
Мариула;Ж
Мариуна;Ж
Марица;Ж
Маричика;Ж
Маричка;Ж
Маришка;Ж
Маришкуца;Ж
Мариэлина;Ж
Мариэм;Ж
Мариэнн;Ж
Мариэта;Ж
Мариэтта;Ж
Мариэтти;Ж
Мария;Ж
Мариям;Ж
Мариян;Ж
Марияна;Ж
Мариянка;Ж
Мариянна;Ж
Марият;Ж
Мариятина;Ж
Маркелла;Ж
Маркета;Ж
Маркетта;Ж
Маркиза;Ж
Маркизет;Ж
Маркиса;Ж
Маркита;Ж
Маркияна;Ж
Маркорида;Ж
Марксена;Ж
Марксеолина;Ж
Марксина;Ж
Марксиса;Ж
Марксистка;Ж
Маркслена;Ж
Марксыза;Ж
Марксынела;Ж
Маркуца;Ж
Марлена;Ж
Марленксина;Ж
Марлис;Ж
Марнонэлла;Ж
Марослава;Ж
Марренионела;Ж
Марсеана;Ж
Марсела;Ж
Марселина;Ж
Марсилина;Ж
Марсильеза;Ж
Марсина;Ж
Марслида;Ж
Марта;Ж
Мартаза;Ж
Мартва;Ж
Мартела;Ж
Мартена;Ж
Мартенелла;Ж
Мартида;Ж
Мартина;Ж
Мартиниана;Ж
Мартинина;Ж
Мартинь;Ж
Мартолина;Ж
Мартона;Ж
Мартося;Ж
Мартоха;Ж
Мартуся;Ж
Мартуша;Ж
Мартфа;Ж
Мартцыза;Ж
Мартына;Ж
Мартычка;Ж
Мартюха;Ж
Мартя;Ж
Маруа;Ж
Маруса;Ж
Марусиина;Ж
Марусла;Ж
Маруслина;Ж
Маруся;Ж
Марута;Ж
Марфа;Ж
Марцелина;Ж
Марцианна;Ж
Марцила;Ж
Марцилина;Ж
Марцина;Ж
Марчела;Ж
Марчелла;Ж
Марчеля;Ж
Марчетта;Ж
Марчиса;Ж
Марыля;Ж
Марыська;Ж
Марыся;Ж
Марья;Ж
Марьям;Ж
Марьяма;Ж
Марьямбану;Ж
Марьян;Ж
Марьяна;Ж
Марьянелла;Ж
Марьянка;Ж
Марьянна;Ж
Масако;Ж
Мастрадия;Ж
Мастрида;Ж
Мастридия;Ж
Мастура;Ж
Масуко;Ж
Масуми;Ж
Матильда;Ж
Матильде;Ж
Матрена;Ж
Матрёна;Ж
Матриона;Ж
Матрона;Ж
Матроня;Ж
Матруна;Ж
Матряна;Ж
Матряра;Ж
Маулхаят;Ж
Мафизат;Ж
Махаррам;Ж
Махира;Ж
Махружат;Ж
Махтум;Ж
Маша;Ж
Машидат;Ж
Мая;Ж
Маяко;Ж
Маяхалун;Ж
Меделайн;Ж
Медея;Ж
Медина;Ж
Мейда;Ж
Мейди;Ж
Мейдие;Ж
Мейдия;Ж
Мейталь;Ж
Мелания;Ж
Меланья;Ж
Меланя;Ж
Мелдра;Ж
Мелидора;Ж
Мелина;Ж
Мелинда;Ж
Мелисса;Ж
Мелита;Ж
латышское;Ж
Мелитина;Ж
Мелития;Ж
Мелитриса;Ж
Мелия;Ж
Меллин;Ж
Меллинда;Ж
Мелоди;Ж
Мелодия;Ж
Мельсида;Ж
Менгли;Ж
Менарда;Ж
Мерджмен;Ж
Меринэ;Ж
Мерия;Ж
Мерей;Ж
Мерьем;Ж
Месед;Ж
Меседо;Ж
Меседу;Ж
Мессуа;Ж
Мета;Ж
Металина;Ж
Металлина;Ж
Метислава;Ж
Методия;Ж
Метра;Ж
Мехайлина;Ж
Мехалина;Ж
Мехалына;Ж
Мехрибан;Ж
Мечеслава;Ж
Мечислава;Ж
Мзия;Ж
Миа;Ж
Миада;Ж
Миве;Ж
Мигуми;Ж
Миервалда;Ж
Миёко;Ж
Мизанат;Ж
Мииа;Ж
Миида;Ж
Мика;Ж
Микаэла;Ж
Микелла;Ж
Миколамарфа;Ж
Мила;Ж
Милада;Ж
Миладора;Ж
Милагрес;Ж
Милагресс;Ж
Милана;Ж
Миланая;Ж
Миланда;Ж
Миланета;Ж
Милания;Ж
Миланка;Ж
Миланна;Ж
Милантина;Ж
Миланья;Ж
Миланя;Ж
Миларда;Ж
Милашка;Ж
Милейсат;Ж
Милена;Ж
Милентина;Ж
Милентия;Ж
Миленья;Ж
Милета;Ж
Милетина;Ж
Милетта;Ж
Милиана;Ж
Милина;Ж
Милинтина;Ж
Милионора;Ж
Милионтина;Ж
Милиоралия;Ж
Милиса;Ж
Милисия;Ж
Милисса;Ж
Милистина;Ж
Милитариса;Ж
Милитина;Ж
Милица;Ж
Милия;Ж
Милла;Ж
Милларда;Ж
Миллионида;Ж
Миллита;Ж
Миллия;Ж
Милодора;Ж
Милона;Ж
Милория;Ж
Милослава;Ж
Милочка;Ж
Мильвара;Ж
Мильда;Ж
Мильяна;Ж
Мильянат;Ж
Миля;Ж
Мимоза;Ж
Мина;Ж
Минадора;Ж
Минадория;Ж
Минадоря;Ж
Минажат;Ж
Минако;Ж
Минара;Ж
Минасат;Ж
Минаханум;Ж
Миная;Ж
Минаят;Ж
Минелла;Ж
Миненазилия;Ж
Миненнора;Ж
Минель;Ж
Минельбина;Ж
Минеля;Ж
Минигуль;Ж
Минна;Ж
Минниямая;Ж
Миноваря;Ж
Минодара;Ж
Минодора;Ж
Минодория;Ж
Минола;Ж
Миноуси;Ж
Минря;Ж
Минсу;Ж
Миньёна;Ж
Мира;Ж
Мирабелла;Ж
Мирава;Ж
Миральда;Ж
Мирана;Ж
Миранда;Ж
звезда;Ж
Мирандалина;Ж
Мирандолина;Ж
Мирания;Ж
Мирга;Ж
Мирдза;Ж
Мирель;Ж
Мирзебала;Ж
Мирзина;Ж
Мириам;Ж
Мириама;Ж
Мирибан;Ж
Мириня;Ж
Мирия;Ж
Мироида;Ж
Миролина;Ж
Миролслава;Ж
Мирольда;Ж
Миролюба;Ж
Мирония;Ж
Миронна;Ж
Миропия;Ж
Миросава;Ж
Мирослава;Ж
Мирославна;Ж
Мирося;Ж
Мирра;Ж
Миррада;Ж
Миртослава;Ж
Мируслава;Ж
Мируславия;Ж
Мирханум;Ж
Мирьем;Ж
Мирьям;Ж
Мирэль;Ж
Мисай;Ж
Мисей;Ж
Мисиди;Ж
Мисиду;Ж
Мисрина;Ж
Миссалина;Ж
Миталина;Ж
Митвариса;Ж
Митсуко;Ж
Михаилина;Ж
Михайла;Ж
Михайлина;Ж
Михалина;Ж
Михаль;Ж
Мицуко;Ж
Мичеслава;Ж
Мичико;Ж
Мичислава;Ж
Мишель;Ж
Мия;Ж
Мияна;Ж
Миясат;Ж
Мияся;Ж
Млада;Ж
Мнавара;Ж
Мокадия;Ж
Мовлотхан;Ж
Модра;Ж
Модрите;Ж
Мокрина;Ж
Молевгения;Ж
Молефросинья;Ж
Молодора;Ж
Молодоря;Ж
Момоко;Ж
Мона;Ж
Моник;Ж
Моника;Ж
Монта;Ж
Мора;Ж
Моран;Ж
Моргит;Ж
Моргита;Ж
Мугаймат;Ж
Мудите;Ж
Мудрите;Ж
Муза;Ж
Музолина;Ж
Муи;Ж
Мукминат;Ж
Мулайкат;Ж
Муминат;Ж
Мунабира;Ж
Мунавара;Ж
Муназаха;Ж
Муназдага;Ж
Муназдима;Ж
Мунань;Ж
Мунара;Ж
Мундра;Ж
Муслимат;Ж
Муся;Ж
Мутихат;Ж
Мутсуко;Ж
Мутсуми;Ж
Мухлисат;Ж
Мырослава;Ж
Мырося;Ж
Мырыслава;Ж
Мэри;Ж
Мэриджан;Ж
Мэрикэ;Ж
Мялхи;Ж
Мята;Ж
Мяхри;Ж
Мяхриджемал;Ж
Мячеслава;Ж
Мячислава;Ж
Наала;Ж
Набат;Ж
Набия;Ж
Набият;Ж
Навира;Ж
Нависат;Ж
Наврат;Ж
Нагида;Ж
Нагима;Ж
Нагиса;Ж
Надежа;Ж
Надежда;Ж
Надеждия;Ж
Наделья;Ж
Надеосия;Ж
Наджва;Ж
Наджат;Ж
Наджие;Ж
Надилия;Ж
Надима;Ж
Надиме;Ж
Надира;Ж
Надислава;Ж
Надия;Ж
Надият;Ж
Надлия;Ж
Надырпика;Ж
Надыя;Ж
Надя;Ж
Наелизара;Ж
Нажибат;Ж
Нажия;Ж
Нажават;Ж
Назават;Ж
Назарина;Ж
Назария;Ж
Назгилят;Ж
Назгуль;Ж
Назерке;Ж
Назигуль;Ж
Назила;Ж
Назиля;Ж
Назипат;Ж
Назира;Ж
Назират;Ж
Назифе;Ж
Назия;Ж
Назлуханум;Ж
Назымгуль;Ж
Назымя;Ж
Назлыханум;Ж
Назугум;Ж
Наиба;Ж
Наида;Ж
Наидат;Ж
Наила;Ж
Наилат;Ж
Наиле;Ж
Наима;Ж
Наиля;Ж
Наина;Ж
Наинна;Ж
Наиня;Ж
Наира;Ж
Наиса;Ж
Наиталья;Ж
Накуш;Ж
Налалия;Ж
Налалья;Ж
Налаля;Ж
Налатия;Ж
Налдия;Ж
Налевтина;Ж
Налия;Ж
Намалья;Ж
Нана;Ж
Нания;Ж
Нанэ;Ж
Наня;Ж
Наогул;Ж
Наоко;Ж
Наоми;Ж
Наонила;Ж
Написат;Ж
Напсахт;Ж
Наргиз;Ж
Нара;Ж
Наргиза;Ж
Наргила;Ж
Наргиля;Ж
Наргина;Ж
Наргиса;Ж
Наргюл;Ж
Нарджемал;Ж
Нарема;Ж
Нарендра;Ж
Нарида;Ж
Наридже;Ж
Нарижат;Ж
Нарима;Ж
Нарине;Ж
Нарипат;Ж
Нарисханум;Ж
Нарият;Ж
Нарияханум;Ж
Нармина;Ж
Нарра;Ж
Нартяч;Ж
Нарханым;Ж
Наршин;Ж
Нарыйа;Ж
Насиба;Ж
Насибат;Ж
Насима;Ж
Насира;Ж
Насихат;Ж
Насият;Ж
Настазия;Ж
Настаса;Ж
Настасия;Ж
Настасся;Ж
Настаська;Ж
Настасья;Ж
Настася;Ж
Настя;Ж
Насхатын;Ж
Натали;Ж
Наталиина;Ж
Наталина;Ж
Наталиса;Ж
Наталия;Ж
Наталияна;Ж
Наталка;Ж
Наталья;Ж
Наталя;Ж
Натания;Ж
Наташа;Ж
Натаэлла;Ж
Натела;Ж
Нателия;Ж
Нателла;Ж
Нателля;Ж
Натия;Ж
Нато;Ж
Натолия;Ж
Натрули;Ж
Натуська;Ж
Натуся;Ж
Наурат;Ж
Нафиса;Ж
Нафися;Ж
Нацуко;Ж
Нацуми;Ж
Нашират;Ж
Ная;Ж
Нежда;Ж
Неждана;Ж
Нежданна;Ж
Нейла;Ж
Нектара;Ж
Нела;Ж
Нелаконида;Ж
Нелания;Ж
Нелентина;Ж
Нелеонора;Ж
Нелестина;Ж
Нелея;Ж
Нелиана;Ж
Нелианна;Ж
Нелида;Ж
Нелидия;Ж
Нелинна;Ж
Нелинтина;Ж
Нелиодора;Ж
Нелионила;Ж
Нелионора;Ж
Нелионэлла;Ж
Нелита;Ж
Нелия;Ж
Нелла;Ж
Нелли;Ж
Неллиада;Ж
Неллиана;Ж
Неллина;Ж
Неллинтина;Ж
Неллионора;Ж
Неллия;Ж
Нелля;Ж
Нелнила;Ж
Нелоида;Ж
Нельвина;Ж
Нельвира;Ж
Нельгина;Ж
Нельда;Ж
Неля;Ж
Неляна;Ж
Неляра;Ж
Немедора;Ж
Ненила;Ж
Ненси;Ж
Неола;Ж
Неолина;Ж
Неонала;Ж
Неонела;Ж
Неонели;Ж
Неонелина;Ж
Неонелия;Ж
Неонелла;Ж
Неонель;Ж
Неонеля;Ж
Неонида;Ж
Неоника;Ж
Неонила;Ж
Неонилия;Ж
Неонилла;Ж
Неониля;Ж
Неоннила;Ж
Неоннилла;Ж
Неонола;Ж
Неонолина;Ж
Неонора;Ж
Неопила;Ж
Неопиля;Ж
Неополия;Ж
Неорина;Ж
Неринга;Ж
Неунель;Ж
Нефертари;Ж
Нехама;Ж
Нехума;Ж
Нибзаг;Ж
Нига;Ж
Нигара;Ж
Нигарханум;Ж
Нигая;Ж
Нигина;Ж
Нигора;Ж
Нигяр;Ж
Ниджико;Ж
Низакат;Ж
Низакет;Ж
Ниёле;Ж
Ника;Ж
Николди;Ж
Николет;Ж
Николета;Ж
Николетта;Ж
Николина;Ж
Николинка;Ж
Николь;Ж
Никонила;Ж
Никора;Ж
Никосия;Ж
Никса;Ж
Никта;Ж
Нила;Ж
Нилла;Ж
Нилуфар;Ж
Нина;Ж
Нинагыз;Ж
Нинелиана;Ж
Нинелина;Ж
Нинелия;Ж
Нинелл;Ж
Нинелла;Ж
Нинелли;Ж
Нинелля;Ж
Нинель;Ж
Нинеля;Ж
Ниниа;Ж
Нино;Ж
Нинон;Ж
Нинонна;Ж
Нинтонида;Ж
Нину;Ж
Нинфодора;Ж
Ниоба;Ж
Ниола;Ж
Ниоле;Ж
Ниолина;Ж
Нионела;Ж
Нионелла;Ж
Нионель;Ж
Нионеля;Ж
Нионида;Ж
Нионила;Ж
Нионилия;Ж
Нионилла;Ж
Ниониля;Ж
Нионина;Ж
Нионисия;Ж
Нионица;Ж
Ниония;Ж
Нионола;Ж
Нионэла;Ж
Нионэля;Ж
Нисахан;Ж
Ниссо;Ж
Ния;Ж
Ниярханум;Ж
Ниясханум;Ж
Нобу;Ж
Новелла;Ж
Нодира;Ж
Нона;Ж
Нония;Ж
Нонна;Ж
Нора;Ж
Ноябрина;Ж
Нукижат;Ж
Нунехия;Ж
Нупайсат;Ж
Нурайнат;Ж
Нурана;Ж
Нурбиби;Ж
Нурбият;Ж
Нурангиз;Ж
Нургайша;Ж
Нургат;Ж
Нургуль;Ж
Нуржаган;Ж
Нуржанат;Ж
Нуржиган;Ж
Нурзида;Ж
Нурианна;Ж
Нурижан;Ж
Нурижат;Ж
Нурипат;Ж
Нурия;Ж
Нурият;Ж
Нурияханум;Ж
Нурлюгаят;Ж
Нурсият;Ж
Нурьян;Ж
Нурьяна;Ж
Нухей;Ж
Нурхаят;Ж
Нуца;Ж
Нуцалай;Ж
Нэлли;Ж
Нэллиана;Ж
Нэллина;Ж
Нэллия;Ж
Нэлля;Ж
Нэля;Ж
Нэонелла;Ж
Нэонила;Ж
Нэонилла;Ж
Нэонэлла;Ж
Нюдля;Ж
Нюргустана;Ж
Нюргуяна;Ж
Нюргьая;Ж
Нюржанат;Ж
Нюрифа;Ж
Нюрифя;Ж
Нюрия;Ж
Нюрсена;Ж
Нюрсиля;Ж
Нюрула;Ж
Нюрхан;Ж
Нюрья;Ж
Нюрьяна;Ж
Нюселла;Ж
Нюселля;Ж
Нюся;Ж
Нюша;Ж
Нюшабэ;Ж
Нязик;Ж
Няра;Ж
Няргуль;Ж
Овадан;Ж
Овсана;Ж
Овсанна;Ж
Овся;Ж
Огнеса;Ж
Огульбегюль;Ж
Огульболды;Ж
Огульболсун;Ж
Огульгерек;Ж
Огульгуль;Ж
Огульдурсун;Ж
Огульсенем;Ж
Огульшат;Ж
Ода;Ж
Одания;Ж
Одара;Ж
Одария;Ж
Одарка;Ж
Одарна;Ж
Одарья;Ж
Оделина;Ж
Оделия;Ж
Оделла;Ж
Оделля;Ж
Одесия;Ж
Одорика;Ж
Одосия;Ж
Одотия;Ж
Одри;Ж
Оира;Ж
Оксана;Ж
Оксания;Ж
Оксанна;Ж
Оксена;Ж
Оксения;Ж
Оксента;Ж
Оксенья;Ж
Оксеня;Ж
Оксина;Ж
Оксиния;Ж
Оксинка;Ж
Оксиня;Ж
Октава;Ж
Октавиана;Ж
Октавина;Ж
Октавия;Ж
Октовина;Ж
Октябрина;Ж
Окулина;Ж
Окура;Ж
Олганмеги;Ж
Олда;Ж
Олевтина;Ж
Олегория;Ж
Олейтина;Ж
Олександара;Ж
Олександра;Ж
Олександравасиля;Ж
Олександривна;Ж
Олександрина;Ж
Олексина;Ж
Олена;Ж
Оленада;Ж
Оленександра;Ж
Оленка;Ж
Оленна;Ж
Оленушка;Ж
Оленя;Ж
Олесея;Ж
Олесия;Ж
Олеська;Ж
Олесья;Ж
Олеся;Ж
Олеяна;Ж
Олеянна;Ж
Оливера;Ж
Оливия;Ж
Оливья;Ж
Олига;Ж
Олида;Ж
Олизарина;Ж
Олимния;Ж
Олимпиада;Ж
Олимпида;Ж
Олимпина;Ж
Олимпия;Ж
Олинда;Ж
Олионора;Ж
Олипмиада;Ж
Олита;Ж
Олия;Ж
Олияна;Ж
Олиянка;Ж
Олиянна;Ж
Оллиада;Ж
Ольга;Ж
Ольгава;Ж
Ольгаль;Ж
Ольгерда;Ж
Ольгина;Ж
Ольгита;Ж
Ольяна;Ж
Ольянка;Ж
Олэнаальона;Ж
Олэся;Ж
Олюнька;Ж
Олюся;Ж
Олюта;Ж
Оля;Ж
Оляна;Ж
Оляния;Ж
Олянка;Ж
Омалия;Ж
Омелия;Ж
Омелияна;Ж
Омельяна;Ж
Омеляна;Ж
Омилия;Ж
Омиляна;Ж
Она;Ж
Онана;Ж
Онарата;Ж
Онастасия;Ж
Онега;Ж
Онежка;Ж
Онеила;Ж
Онелия;Ж
Онелка;Ж
Онель;Ж
Онелька;Ж
Онеля;Ж
Онизия;Ж
Онисия;Ж
Ониска;Ж
Ониська;Ж
Онисья;Ж
Онися;Ж
Онно;Ж
Оноприя;Ж
Онора;Ж
Онората;Ж
Онорина;Ж
Онорка;Ж
Опанасина;Ж
Опанасиня;Ж
Опанасия;Ж
Опанаска;Ж
Опанася;Ж
Опистиния;Ж
Опрасина;Ж
Опрасиния;Ж
Опраскиния;Ж
Ора;Ж
Оранка;Ж
Органа;Ж
Орданна;Ж
Орджина;Ж
Орель;Ж
Оресия;Ж
Ореслава;Ж
Ореста;Ж
Орестея;Ж
Орестина;Ж
Орестия;Ж
Орестлава;Ж
Орестлана;Ж
Ореся;Ж
Орислава;Ж
Ориславия;Ж
Орислана;Ж
Ориста;Ж
Ориська;Ж
Орися;Ж
Орлеана;Ж
Орлетта;Ж
Орли;Ж
Орлина;Ж
Орталь;Ж
Ортензия;Ж
Оршоя;Ж
Орыслава;Ж
Орыста;Ж
Орыстия;Ж
Орыся;Ж
Осина;Ж
Осипа;Ж
Осипина;Ж
Оскана;Ж
Оскарина;Ж
Оснельда;Ж
Офеля;Ж
Павла;Ж
Павлана;Ж
Павлена;Ж
Павлина;Ж
Падме;Ж
Пазилят;Ж
Пазулия;Ж
Паисия;Ж
Пайнусат;Ж
Пайсарат;Ж
Пайя;Ж
Пакисат;Ж
Пакият;Ж
Палагея;Ж
Палагия;Ж
Палагря;Ж
Палагуца;Ж
Паладина;Ж
Паладия;Ж
Палажка;Ж
Палазина;Ж
Палазия;Ж
Палазя;Ж
Палаксена;Ж
Палана;Ж
Паланга;Ж
Палангея;Ж
Паланека;Ж
Палания;Ж
Паланка;Ж
Паланья;Ж
Паланя;Ж
Палева;Ж
Палегия;Ж
Паления;Ж
Палестина;Ж
Паликсения;Ж
Палинара;Ж
Палинария;Ж
Палия;Ж
Палогея;Ж
Палогия;Ж
Пальмира;Ж
Панадия;Ж
Панасина;Ж
Панасия;Ж
Панаска;Ж
Панаська;Ж
Панася;Ж
Пандора;Ж
Пантилина;Ж
Панусат;Ж
Паола;Ж
Паолина;Ж
Паорасковия;Ж
Папа;Ж
Папав;Ж
Папам;Ж
Папанеш;Ж
Папу;Ж
Папум;Ж
Парагелия;Ж
Паражка;Ж
Параковия;Ж
Паранка;Ж
Паранька;Ж
Параска;Ж
Параскавия;Ж
Параскева;Ж
Параскевия;Ж
Параскея;Ж
Параскива;Ж
Параскивия;Ж
Параскивья;Ж
Параскина;Ж
Параскица;Ж
Параския;Ж
Параскова;Ж
Парасковея;Ж
Парасковия;Ж
Парасковна;Ж
Парасковья;Ж
Парасковя;Ж
Параскофия;Ж
Парасловия;Ж
Парасовия;Ж
Параська;Ж
Парасья;Ж
Парася;Ж
Параша;Ж
Парвина;Ж
Пари;Ж
Парида;Ж
Париза;Ж
Паризат;Ж
Паримеседо;Ж
Парина;Ж
Парихан;Ж
Парлина;Ж
Паросковия;Ж
Парсихат;Ж
Парсла;Ж
Партизана;Ж
Парфена;Ж
Парфения;Ж
Парфенопия;Ж
Парфирия;Ж
Парфырия;Ж
Пасихат;Ж
Пата;Ж
Патима;Ж
Патимат;Ж
Патина;Ж
Патинат;Ж
Патиту;Ж
Патриция;Ж
Паттхана;Ж
Патуся;Ж
Патыма;Ж
Патьняна;Ж
Патя;Ж
Паула;Ж
Пахав;Ж
Пахират;Ж
Паху;Ж
Пахуиздек;Ж
Паулина;Ж
Пауна;Ж
Пауника;Ж
Паунка;Ж
Паша;Ж
Певония;Ж
Пелагелия;Ж
Пелагеня;Ж
Пелагея;Ж
Пелагия;Ж
Пеладия;Ж
Пелания;Ж
Пеланья;Ж
Пелапия;Ж
Пелария;Ж
Пеласия;Ж
Пелатея;Ж
Пелатия;Ж
Пелахия;Ж
Пелачея;Ж
Пелигея;Ж
Пеллагея;Ж
Пеллагия;Ж
Пелогея;Ж
Пелогия;Ж
Пелонея;Ж
Пенкер;Ж
Пердовс;Ж
Перезе;Ж
Перель;Ж
Перзият;Ж
Перзюв;Ж
Пери;Ж
Перижан;Ж
Перизат;Ж
Перисултан;Ж
Перихалум;Ж
Перихан;Ж
Периханум;Ж
Персианина;Ж
Персида;Ж
Персифония;Ж
Персия;Ж
Перстения;Ж
Персуда;Ж
Перунеля;Ж
Пестемия;Ж
Пестения;Ж
Пестимия;Ж
Пестина;Ж
Пестиния;Ж
Пестия;Ж
Пестя;Ж
Песя;Ж
Петра;Ж
Петрана;Ж
Петранеля;Ж
Петренелла;Ж
Петринеля;Ж
Петриния;Ж
Петролина;Ж
Петромеля;Ж
Петронела;Ж
Петронелия;Ж
Петронелла;Ж
Петронелля;Ж
Петронеля;Ж
Петронила;Ж
Петрония;Ж
Петрочелла;Ж
Петруна;Ж
Петрунела;Ж
Петрунелина;Ж
Петрунелия;Ж
Петрунелла;Ж
Петрунелля;Ж
Петрунеля;Ж
Петруненя;Ж
Петрунея;Ж
Петрунила;Ж
Петруния;Ж
Петрунька;Ж
Петрунья;Ж
Петруня;Ж
Петрусина;Ж
Петруслава;Ж
Петруся;Ж
Пиама;Ж
Пиия;Ж
Пикрия;Ж
Пиллэ;Ж
Пирдавс;Ж
Пирдауз;Ж
Пирдовс;Ж
Пирета;Ж
Пирзанат;Ж
Пирузханум;Ж
Писанат;Ж
Пистания;Ж
Пистемея;Ж
Пистимея;Ж
Пистимия;Ж
Пистина;Ж
Пистиния;Ж
Пистия;Ж
Пистомия;Ж
Пиче;Ж
Платинида;Ж
Платолина;Ж
Платонида;Ж
Платонина;Ж
Платония;Ж
Платоня;Ж
Плотанида;Ж
Плотонида;Ж
Плотония;Ж
Пнина;Ж
Пнофира;Ж
Победа;Ж
Победина;Ж
Полагея;Ж
Полагина;Ж
Полагия;Ж
Полания;Ж
Поланья;Ж
Полексения;Ж
Полентина;Ж
Поликария;Ж
Поликсена;Ж
Поликсения;Ж
Поликсинея;Ж
Поликсиния;Ж
Полина;Ж
Полинара;Ж
Полинарда;Ж
Полинария;Ж
Полинарка;Ж
Полинарья;Ж
Полинора;Ж
Полионара;Ж
Полисения;Ж
Полиферия;Ж
Полли;Ж
Поллинария;Ж
Пологея;Ж
Пология;Ж
Полокея;Ж
Полония;Ж
Польнара;Ж
Поманида;Ж
Помникия;Ж
Порасковия;Ж
Порфирия;Ж
Посада;Ж
Праксиния;Ж
Праксия;Ж
Праскева;Ж
Праскевия;Ж
Праскеда;Ж
Праскивья;Ж
Прасковея;Ж
Прасковия;Ж
Прасковья;Ж
Прасковя;Ж
Праскония;Ж
Праскорья;Ж
Праскофия;Ж
Праскофья;Ж
Предслава;Ж
Предыслава;Ж
Прискилля;Ж
Присковья;Ж
Приська;Ж
Присцилла;Ж
Прися;Ж
Прокопия;Ж
Просковия;Ж
Просковья;Ж
Проскофия;Ж
Проскофья;Ж
Пуа;Ж
Пургена;Ж
Пульфера;Ж
Пульферия;Ж
Пульхерия;Ж
Пьятилидия;Ж
Пячилия;Ж
Рабига;Ж
Рабият;Ж
Равза;Ж
Равганият;Ж
Равзанат;Ж
Равзат;Ж
Равида;Ж
Равиза;Ж
Равилья;Ж
Равиля;Ж
Равима;Ж
Равина;Ж
Равиндра;Ж
Равиня;Ж
Равия;Ж
Равмира;Ж
Рагиля;Ж
Рагимат;Ж
Рагмила;Ж
Рагнеда;Ж
Рагнета;Ж
Рада;Ж
Радалина;Ж
Радана;Ж
Раджин;Ж
Радиада;Ж
Радиала;Ж
Радиана;Ж
Радимира;Ж
Радина;Ж
Радиона;Ж
Радиса;Ж
Радислава;Ж
Радифа;Ж
Радиэла;Ж
Радиэль;Ж
Радия;Ж
Радмила;Ж
Радмина;Ж
Радмира;Ж
Радомила;Ж
Радомира;Ж
Радосена;Ж
Радослава;Ж
Радославна;Ж
Радостина;Ж
Радсильяна;Ж
Радуська;Ж
Радуся;Ж
Радутия;Ж
Радхарани;Ж
Раемия;Ж
Ража;Ж
Ражендра;Ж
Раз;Ж
Разалина;Ж
Разалия;Ж
Разалья;Ж
Разаубелина;Ж
Разибике;Ж
Разилия;Ж
Разилья;Ж
Разиля;Ж
Разима;Ж
Разина;Ж
Разита;Ж
Разитта;Ж
Разифа;Ж
Разия;Ж
Разият;Ж
Разияханум;Ж
Размина;Ж
Раида;Ж
Раиза;Ж
Раиля;Ж
Раима;Ж
Раина;Ж
Раиса;Ж
Раисат;Ж
Раисия;Ж
Раисса;Ж
Раисья;Ж
Раифа;Ж
Раифат;Ж
Раифата;Ж
Раифина;Ж
Раифта;Ж
Раихта;Ж
Райганат;Ж
Райзанат;Ж
Райлина;Ж
Раймона;Ж
Раймонда;Ж
Райна;Ж
Райса;Ж
Райсат;Ж
Райта;Ж
Райхан;Ж
Райхана;Ж
Райхангуль;Ж
Ракелла;Ж
Ракита;Ж
Ракнета;Ж
Раксана;Ж
Ракша;Ж
Ракшми;Ж
Ралевтина;Ж
Ралезия;Ж
Ралида;Ж
Рализия;Ж
Ралина;Ж
Ралиса;Ж
Ралия;Ж
Ралука;Ж
Рамана;Ж
Раманида;Ж
Рамания;Ж
Рамаяна;Ж
Рамендра;Ж
Рамзия;Ж
Рамзият;Ж
Рами;Ж
Рамида;Ж
Рамила;Ж
Рамилия;Ж
Рамилла;Ж
Рамильда;Ж
Рамиля;Ж
Рамина;Ж
Раминат;Ж
Раминта;Ж
Рамита;Ж
Рамитта;Ж
Рамия;Ж
Рамля;Ж
Рамма;Ж
Раммуальда;Ж
Рамона;Ж
Рамуальда;Ж
Рамульда;Ж
Ранедия;Ж
Ранелла;Ж
Ранета;Ж
Ранетта;Ж
Ранзиля;Ж
Ранзия;Ж
Рани;Ж
Ранида;Ж
Ранита;Ж
Рания;Ж
Ранка;Ж
Ранна;Ж
Рано;Ж
гвоздика;Ж
Рапаат;Ж
Рапият;Ж
Раса;Ж
Расана;Ж
Расида;Ж
Расилия;Ж
Расиля;Ж
Расима;Ж
Расимея;Ж
Расита;Ж
Расият;Ж
Расма;Ж
Расмина;Ж
Рассианна;Ж
Рассима;Ж
Растислава;Ж
Рася;Ж
Раталя;Ж
Ратима;Ж
Ратипат;Ж
Ратифа;Ж
Ратха;Ж
Рауза;Ж
Рауфина;Ж
Рауха;Ж
Раушан;Ж
Раушания;Ж
Рауя;Ж
Рафа;Ж
Рафаила;Ж
Рафаина;Ж
Рафалина;Ж
Рафалия;Ж
Рафамена;Ж
Рафания;Ж
Рафаэла;Ж
Рафаэлла;Ж
Рафига;Ж
Рафида;Ж
Рафина;Ж
Рафинина;Ж
Рафиня;Ж
Рафиолла;Ж
Рафира;Ж
Рафиса;Ж
Рафита;Ж
Рафиулла;Ж
Рафия;Ж
Рафолина;Ж
Рахвалина;Ж
Рахель;Ж
Рахида;Ж
Рахила;Ж
Рахилия;Ж
Рахилля;Ж
Рахиль;Ж
Рахильда;Ж
Рахилья;Ж
Рахиля;Ж
Рахима;Ж
Рахмат;Ж
Рахмина;Ж
Рашедя;Ж
Рашеля;Ж
Рашида;Ж
Рашидат;Ж
Рашия;Ж
Рая;Ж
Ребека;Ж
Ребекка;Ж
Рева;Ж
Ревалина;Ж
Реввека;Ж
Ревека;Ж
Ревекка;Ж
Ревелена;Ж
Ревенка;Ж
Ревета;Ж
Ревика;Ж
Ревилина;Ж
Ревиталь;Ж
Ревлина;Ж
Ревмира;Ж
Ревмирия;Ж
Ревнира;Ж
Револдина;Ж
Револина;Ж
Револьена;Ж
Револьта;Ж
Революта;Ж
Революция;Ж
Регина;Ж
Регинета;Ж
Регира;Ж
Региська;Ж
Регрина;Ж
Реелика;Ж
Резания;Ж
Резеда;Ж
Резета;Ж
Резида;Ж
Резия;Ж
Рейко;Ж
Рейна;Ж
Рейня;Ж
Рекия;Ж
Ремеальда;Ж
Ремиата;Ж
Ремида;Ж
Ремизе;Ж
Ремилия;Ж
Ремиля;Ж
Ремина;Ж
Ремира;Ж
Ремита;Ж
Ремляна;Ж
Ремлянина;Ж
Реммуальда;Ж
Ремовальда;Ж
Ремуальда;Ж
Рена;Ж
Ренаида;Ж
Ренара;Ж
Рената;Ж
Ренате;Ж
Ренати;Ж
Ренато;Ж
Ренатта;Ж
Ренатэ;Ж
Ренгильда;Ж
Ренгина;Ж
Ренета;Ж
Ренетта;Ж
Ренефа;Ж
Реноида;Ж
Ренолла;Ж
Репсима;Ж
Репсиме;Ж
Ресулина;Ж
Рефалина;Ж
Риаида;Ж
Риакарда;Ж
Риамвира;Ж
Риана;Ж
Рианда;Ж
Рианна;Ж
Риарита;Ж
Рива;Ж
Ривека;Ж
Ривекка;Ж
Ривенка;Ж
Ривония;Ж
Ригонда;Ж
Рида;Ж
Риджина;Ж
Риеко;Ж
Риима;Ж
Риина;Ж
Рииса;Ж
Риитита;Ж
Рика;Ж
Рикина;Ж
Рима;Ж
Римаида;Ж
Риманта;Ж
Римляна;Ж
Римлянина;Ж
Римма;Ж
Риммира;Ж
Римна;Ж
Римона;Ж
Римсилия;Ж
Римуальда;Ж
Рина;Ж
Ринада;Ж
Ринаида;Ж
Рината;Ж
Ринель;Ж
Ринита;Ж
Ринэль;Ж
Риолама;Ж
Риолана;Ж
Риолета;Ж
Риолита;Ж
Рионата;Ж
Риорига;Ж
Риорита;Ж
Риотана;Ж
Рипа;Ж
Рипика;Ж
Рипике;Ж
Рипина;Ж
Рипиха;Ж
Риппа;Ж
Рипсимея;Ж
Рипсимия;Ж
Рипсиния;Ж
Рисалат;Ж
Рисалят;Ж
Рита;Ж
Ритаида;Ж
Ритина;Ж
Ритма;Ж
Ришарда;Ж
Ришма;Ж
Риязат;Ж
Рияна;Ж
Рнакова;Ж
Роберта;Ж
Робертина;Ж
Ровейка;Ж
Ровена;Ж
Рогнеда;Ж
Родианна;Ж
Родика;Ж
Родилина;Ж
Родислава;Ж
Родмонга;Ж
Родослава;Ж
Роза;Ж
Розаида;Ж
Розаиля;Ж
Розаина;Ж
Розалевна;Ж
Розалена;Ж
Розалея;Ж
Розалиа;Ж
Розалина;Ж
Розалинда;Ж
Розалия;Ж
Розалля;Ж
Розальда;Ж
Розалья;Ж
Розаля;Ж
Розамея;Ж
Розамия;Ж
Розана;Ж
Розанета;Ж
Розания;Ж
Розанна;Ж
Розантема;Ж
Розантина;Ж
Розария;Ж
Розелина;Ж
Розелия;Ж
Роземария;Ж
Розентина;Ж
Розетта;Ж
Розефа;Ж
Роззета;Ж
Роззита;Ж
Розиданна;Ж
Розинида;Ж
Розита;Ж
Розманина;Ж
Розмари;Ж
Розмария;Ж
Розмелла;Ж
Розолина;Ж
Розолия;Ж
Роини;Ж
Роксалана;Ж
Роксальда;Ж
Роксана;Ж
Рокселиана;Ж
Рокселяна;Ж
Роксолана;Ж
Роксолона;Ж
Роксоляна;Ж
Роланда;Ж
Ролентина;Ж
Роллана;Ж
Ролонида;Ж
Ромаильда;Ж
Романа;Ж
Романания;Ж
Романея;Ж
Романиада;Ж
Романида;Ж
Романика;Ж
Романильда;Ж
Романина;Ж
Романия;Ж
Романка;Ж
Романна;Ж
Романня;Ж
Романтина;Ж
Ромета;Ж
Ромиальда;Ж
Ромина;Ж
Ромонна;Ж
Ромуальда;Ж
Ромульда;Ж
Ромунальда;Ж
Ромыслава;Ж
Ронаильда;Ж
Ронаильдина;Ж
Ронислава;Ж
Ронуальда;Ж
Рооси;Ж
Росалефия;Ж
Росалия;Ж
Росалья;Ж
Росана;Ж
Росанна;Ж
Росентина;Ж
Росерина;Ж
Росина;Ж
Росинка;Ж
Росириида;Ж
Росияна;Ж
Рослава;Ж
Рослана;Ж
Росланна;Ж
Рослина;Ж
Роснелля;Ж
Роснина;Ж
Роспарасковия;Ж
Россита;Ж
Россия;Ж
Росслава;Ж
Россудана;Ж
Ростислава;Ж
Ростистава;Ж
Рота;Ж
Рофаина;Ж
Рофалина;Ж
Рохие;Ж
Роэна;Ж
Руальда;Ж
Рубина;Ж
Ругайнат;Ж
Ругия;Ж
Рудита;Ж
Рудите;Ж
Рудмила;Ж
Рудолия;Ж
Рудоль;Ж
Рудольфина;Ж
Ружана;Ж
Ружена;Ж
Ружина;Ж
Рузаина;Ж
Рузалетта;Ж
Рузалин;Ж
Рузалина;Ж
Рузалия;Ж
Рузана;Ж
Рузанна;Ж
Рузила;Ж
Рузилия;Ж
Рузиль;Ж
Рузиля;Ж
Рузина;Ж
Рузиня;Ж
Рузмай;Ж
Рукижат;Ж
Рукият;Ж
Рукмини;Ж
Рукуят;Ж
Рукшана;Ж
Рукьи;Ж
Румай;Ж
Румальда;Ж
Руманият;Ж
Румиальда;Ж
Румиля;Ж
Румина;Ж
Румия;Ж
Румияханум;Ж
Румулият;Ж
Руника;Ж
Рупия;Ж
Рупият;Ж
Рурико;Ж
Русайдат;Ж
Русудан;Ж
Русалина;Ж
Русана;Ж
Русина;Ж
Руслава;Ж
Руслана;Ж
Русланина;Ж
Русланна;Ж
Русталина;Ж
Рут;Ж
Рута;Ж
Рутания;Ж
Руте;Ж
Руто;Ж
Рутсо;Ж
Рутт;Ж
Рутта;Ж
Рутыка;Ж
Руут;Ж
Руута;Ж
Руфима;Ж
Руфина;Ж
Руфия;Ж
Руфь;Ж
Рушагия;Ж
Рушана;Ж
Рушания;Ж
Рушань;Ж
Рушанья;Ж
Рушаня;Ж
Рэма;Ж
Рэна;Ж
Рэнэта;Ж
Рянида;Ж
Ряхима;Ж
Саавик;Ж
Саадат;Ж
Сабигат;Ж
Сабиинэ;Ж
Сабина;Ж
Сабира;Ж
Сабихат;Ж
Сабият;Ж
Сабрина;Ж
Сабрият;Ж
Савако;Ж
Сагадат;Ж
Сагибат;Ж
Саванна;Ж
Савбения;Ж
Савдат;Ж
Саверина;Ж
Саверия;Ж
Савжат;Ж
Савитлана;Ж
Савият;Ж
Саврина;Ж
Сагида;Ж
Сагипат;Ж
Сагра;Ж
Сагынай;Ж
Садия;Ж
Садият;Ж
Садако;Ж
Садап;Ж
Садет;Ж
Саида;Ж
Саидат;Ж
Саиман;Ж
Саимат;Ж
Саиме;Ж
Саира;Ж
Сайбат;Ж
Сайва;Ж
Сайганат;Ж
Сайгибат;Ж
Сайда;Ж
Сайера;Ж
Сайоко;Ж
Сайра;Ж
Сайран;Ж
Сайха;Ж
Сайхана;Ж
Сайхат;Ж
Сайына;Ж
Сакалина;Ж
Сакико;Ж
Сакина;Ж
Сакинат;Ж
Саклидия;Ж
Саконна;Ж
Саламат;Ж
Саламет;Ж
Салигат;Ж
Салидат;Ж
Салима;Ж
Салимат;Ж
Салисат;Ж
Салиха;Ж
Салихат;Ж
Салия;Ж
Салли;Ж
Саллиха;Ж
Салманида;Ж
Салмонида;Ж
Саломания;Ж
Саломе;Ж
Саломея;Ж
Саломия;Ж
Саломона;Ж
Саломонида;Ж
Саломония;Ж
Салонея;Ж
Салтанат;Ж
Салтания;Ж
Салуния;Ж
Салфира;Ж
Салывония;Ж
Сальбина;Ж
Сальвина;Ж
Сальвинина;Ж
Сальвия;Ж
Сальдина;Ж
Сальма;Ж
Сальмаханум;Ж
Сальмира;Ж
Сальфина;Ж
Сальфира;Ж
Саманта;Ж
Самарина;Ж
Самария;Ж
Самая;Ж
Самаят;Ж
Самера;Ж
Самира;Ж
Самиля;Ж
Самина;Ж
Саминат;Ж
Самират;Ж
Самия;Ж
Самрат;Ж
Самуэлла;Ж
Сана;Ж
Санабар;Ж
Санабархон;Ж
Санда;Ж
Сандагаш;Ж
Сандагоми;Ж
Сандали;Ж
Сандия;Ж
Сандра;Ж
Сандрина;Ж
Санера;Ж
Санжа;Ж
Сание;Ж
Санита;Ж
Сания;Ж
Саният;Ж
Санна;Ж
Санта;Ж
Сантана;Ж
Санторина;Ж
Санфира;Ж
Санэль;Ж
Саодат;Ж
Саоко;Ж
Сапват;Ж
Сапижат;Ж
Сапират;Ж
Сапият;Ж
Сара;Ж
Сарабика;Ж
Сарабике;Ж
Сарай;Ж
Сарат;Ж
Саргиляна;Ж
Саргылана;Ж
Сардаана;Ж
Саржанат;Ж
Сарижат;Ж
Сарима;Ж
Сарина;Ж
Сарингуль;Ж
Сарингюль;Ж
Сарине;Ж
Сарит;Ж
Сарита;Ж
Сария;Ж
Сарият;Ж
Сарка;Ж
Сарма;Ж
Сармите;Ж
Сарра;Ж
Сарыгюль;Ж
Сатаней;Ж
Саян;Ж
Сатена;Ж
Сатеник;Ж
Сати;Ж
Сатига;Ж
Сатида;Ж
Сатина;Ж
Сатира;Ж
Сатия;Ж
Сатоко;Ж
Сауда;Ж
Сауле;Ж
Саулекуль;Ж
Саулцерите;Ж
Сауня;Ж
Сафижат;Ж
Сафина;Ж
Сафира;Ж
Сафият;Ж
Сафията;Ж
Сафрина;Ж
Сафронья;Ж
Сафура;Ж
Сахавет;Ж
Сахиба;Ж
Сахиля;Ж
Сачико;Ж
Саша;Ж
Саюри;Ж
Саяко;Ж
Саяра;Ж
Саят;Ж
Саятханум;Ж
Свеа;Ж
Света;Ж
Светалана;Ж
Светана;Ж
Светислава;Ж
Светла;Ж
Светлана;Ж
Светланада;Ж
Светланга;Ж
Светозара;Ж
Светозарна;Ж
Светония;Ж
Светослава;Ж
Свитана;Ж
Свитдана;Ж
Свитлава;Ж
Свитлина;Ж
Свитослава;Ж
Свобода;Ж
Святослава;Ж
Севара;Ж
Севастьяна;Ж
Севгюли;Ж
Севда;Ж
Севилия;Ж
Севиль;Ж
Севилья;Ж
Севильяна;Ж
Севиндж;Ж
Севинч;Ж
Севират;Ж
Севирина;Ж
Сегентина;Ж
Сегерханум;Ж
Седа;Ж
Седагет;Ж
Седерина;Ж
Сейрана;Ж
Секлентия;Ж
Секлепина;Ж
Секлетина;Ж
Секлетиния;Ж
Секлетинья;Ж
Секлетия;Ж
Секлетта;Ж
Секлидия;Ж
Секлития;Ж
Секрета;Ж
Секретина;Ж
Секфрида;Ж
Селема;Ж
Селена;Ж
Селминаз;Ж
Селминат;Ж
Сельва;Ж
Сельга;Ж
Сельби;Ж
Сельвина;Ж
Сельма;Ж
Сельминаз;Ж
Сембеля;Ж
Семена;Ж
Семенна;Ж
Сенклета;Ж
Сенклетия;Ж
Сенклита;Ж
Сенклития;Ж
Сентябрина;Ж
Сера;Ж
Серафима;Ж
Серафимана;Ж
Серафимия;Ж
Серафина;Ж
Серафия;Ж
Сербия;Ж
Сергияна;Ж
Сержалина;Ж
Сержалинна;Ж
Сержана;Ж
Сержанна;Ж
Сержета;Ж
Серминаз;Ж
Серофима;Ж
Сетора;Ж
Сетсуна;Ж
Сефижат;Ж
Сефьяхалум;Ж
Сефьяханум;Ж
Сиана;Ж
Сианислава;Ж
Сиван;Ж
Сигалит;Ж
Сигаль;Ж
Сигита;Ж
Сигитас;Ж
Сигклитиния;Ж
Сиглета;Ж
Сигне;Ж
Сигния;Ж
Сигрида;Ж
Сидания;Ж
Сидеф;Ж
Сидония;Ж
Сидоня;Ж
Сидора;Ж
Сидория;Ж
Сидрат;Ж
Сиклентия;Ж
Сиклета;Ж
Сиклетия;Ж
Сиклита;Ж
Сиклитикия;Ж
Сиклитина;Ж
Сиклитиния;Ж
Сиклития;Ж
Силе;Ж
Силектина;Ж
Сильва;Ж
Сильвана;Ж
Сильванна;Ж
Сильверия;Ж
Сильвестра;Ж
Сильвиана;Ж
Сильвика;Ж
Сильвина;Ж
Сильвиоара;Ж
Сильвиора;Ж
Сильвита;Ж
Сильвия;Ж
Сильга;Ж
Сима;Ж
Симела;Ж
Симона;Ж
Симонета;Ж
Симонетта;Ж
Симонна;Ж
Синдия;Ж
Синижат;Ж
Синильга;Ж
Синклентикия;Ж
Синора;Ж
Синтиклита;Ж
Синтиклития;Ж
Синтиклия;Ж
Синтиника;Ж
Синтия;Ж
Синтлитина;Ж
Сипро;Ж
Сирануш;Ж
Сиргит;Ж
Сирена;Ж
Сирина;Ж
Сирли;Ж
Сирлэ;Ж
Сирми;Ж
Сита;Ж
Ситара;Ж
Сицилия;Ж
Сия;Ж
Сиядат;Ж
Сияли;Ж
Сияна;Ж
Сиянат;Ж
Сиясат;Ж
Скай;Ж
Скайдра;Ж
Скайдрита;Ж
Скайдрите;Ж
Ски;Ж
Славина;Ж
Славиния;Ж
Славинка;Ж
Слависа;Ж
Славия;Ж
Славомира;Ж
Славония;Ж
Славута;Ж
Славяна;Ж
Сламонида;Ж
Сластёна;Ж
Смайда;Ж
Смуйдра;Ж
Снежа;Ж
Снежана;Ж
Снежанка;Ж
Снежанна;Ж
Снежиа;Ж
Снежина;Ж
Снижана;Ж
Снижанна;Ж
Сниженика;Ж
Снижина;Ж
Сниедзе;Ж
Согдиана;Ж
Согра;Ж
Соланж;Ж
Солвита;Ж
Солвия;Ж
Соломандра;Ж
Соломанида;Ж
Соломания;Ж
Соломаха;Ж
Соломея;Ж
Соломида;Ж
Соломина;Ж
Соломия;Ж
Соломоида;Ж
Соломона;Ж
Соломониада;Ж
Соломонида;Ж
Соломония;Ж
Солония;Ж
Солосиня;Ж
Солоха;Ж
Солтана;Ж
Солтанат;Ж
Сона;Ж
Сонали;Ж
Соналика;Ж
Сондра;Ж
Сония;Ж
Соният;Ж
Сонора;Ж
Соня;Ж
Софа;Ж
Софи;Ж
Софиалина;Ж
Софико;Ж
Софилия;Ж
София;Ж
Софрона;Ж
Софрония;Ж
Соффа;Ж
Софья;Ж
Софьяна;Ж
Социала;Ж
Социалина;Ж
Социалла;Ж
Социлиана;Ж
Социта;Ж
Спартакиада;Ж
Спидола;Ж
Сподра;Ж
Споменка;Ж
Спулга;Ж
Сталина;Ж
Сталинада;Ж
Сталинаида;Ж
Сталинида;Ж
Сталиниса;Ж
Сталинита;Ж
Сталиннада;Ж
Сталлина;Ж
Стамбул;Ж
Станисия;Ж
Станислава;Ж
Станислана;Ж
Стапанида;Ж
Стапания;Ж
Стафания;Ж
Стейси;Ж
Стела;Ж
Стеламия;Ж
Стеланида;Ж
Стелиана;Ж
Стелина;Ж
Стелияна;Ж
Стелла;Ж
Степамида;Ж
Степана;Ж
Степанаида;Ж
Степанида;Ж
Степанидия;Ж
Степанина;Ж
Степания;Ж
Степанка;Ж
Степанька;Ж
Степанья;Ж
Степаня;Ж
Степонида;Ж
Стефа;Ж
Стефана;Ж
Стефанида;Ж
Стефанина;Ж
Стефания;Ж
Стефанка;Ж
Стефанна;Ж
Стефанта;Ж
Стефанья;Ж
Стефаня;Ж
Стефения;Ж
Стефомида;Ж
Стефонида;Ж
Стеффания;Ж
Стехана;Ж
Стехания;Ж
Стеша;Ж
Страута;Ж
Страуя;Ж
Стэрия;Ж
Суайбат;Ж
Суанат;Ж
Субайбат;Ж
Субалжат;Ж
Субганат;Ж
Субейбат;Ж
Суваде;Ж
Сувайжат;Ж
Сувар;Ж
Суваржат;Ж
Суварият;Ж
Судаба;Ж
Суйдух;Ж
Суйкум;Ж
Сукайнат;Ж
Суламида;Ж
Сулгия;Ж
Суламита;Ж
Суламифь;Ж
Сульгия;Ж
Сульгият;Ж
Султана;Ж
Султанат;Ж
Султанзада;Ж
Сульгун;Ж
Сумайя;Ж
Сумире;Ж
Сумхарай;Ж
Суна;Ж
Сундари;Ж
Сунако;Ж
Сунаханум;Ж
Сунита;Ж
Супайнат;Ж
Супуйгат;Ж
